PassengerId,Survived,Pclass,Age,SibSp,Parch,Fare,Sex_male,Embarked_Q,Embarked_S,Age_Fare,Family_Size,Fare_Per_Person,poly_Age,poly_Fare,poly_Age^2,poly_Age Fare,poly_Fare^2,Age_Group,Age_Group_Code
1,0,3,22.0,1,0,7.25,True,False,True,159.5,2,3.625,22.0,7.25,484.0,159.5,52.5625,Young,1
2,1,1,38.0,1,0,71.2833,False,False,False,2708.7653999999998,2,35.64165,38.0,71.2833,1444.0,2708.7653999999998,5081.30885889,Adult,2
3,1,3,26.0,0,0,7.925,False,False,True,206.04999999999998,1,7.925,26.0,7.925,676.0,206.04999999999998,62.805625,Young,1
4,1,1,35.0,1,0,53.1,False,False,True,1858.5,2,26.55,35.0,53.1,1225.0,1858.5,2819.61,Young,1
5,0,3,35.0,0,0,8.05,True,False,True,281.75,1,8.05,35.0,8.05,1225.0,281.75,64.80250000000001,Young,1
6,0,3,28.0,0,0,8.4583,True,True,False,236.83239999999998,1,8.4583,28.0,8.4583,784.0,236.83239999999998,71.54283888999998,Young,1
7,0,1,54.0,0,0,51.8625,True,False,True,2800.575,1,51.8625,54.0,51.8625,2916.0,2800.575,2689.7189062499997,Adult,2
8,0,3,2.0,3,1,21.075,True,False,True,42.15,5,4.215,2.0,21.075,4.0,42.15,444.155625,Teen,0
9,1,3,27.0,0,2,11.1333,False,False,True,300.5991,3,3.7111,27.0,11.1333,729.0,300.5991,123.95036889000001,Young,1
10,1,2,14.0,1,0,30.0708,False,False,False,420.9912,2,15.0354,14.0,30.0708,196.0,420.9912,904.25301264,Teen,0
11,1,3,4.0,1,1,16.7,False,False,True,66.8,3,5.566666666666666,4.0,16.7,16.0,66.8,278.89,Teen,0
12,1,1,58.0,0,0,26.55,False,False,True,1539.9,1,26.55,58.0,26.55,3364.0,1539.9,704.9025,Adult,2
13,0,3,20.0,0,0,8.05,True,False,True,161.0,1,8.05,20.0,8.05,400.0,161.0,64.80250000000001,Young,1
14,0,3,39.0,1,5,31.275,True,False,True,1219.725,7,4.4678571428571425,39.0,31.275,1521.0,1219.725,978.1256249999999,Adult,2
15,0,3,14.0,0,0,7.8542,False,False,True,109.9588,1,7.8542,14.0,7.8542,196.0,109.9588,61.688457639999996,Teen,0
16,1,2,55.0,0,0,16.0,False,False,True,880.0,1,16.0,55.0,16.0,3025.0,880.0,256.0,Adult,2
17,0,3,2.0,4,1,29.125,True,True,False,58.25,6,4.854166666666667,2.0,29.125,4.0,58.25,848.265625,Teen,0
18,1,2,28.0,0,0,13.0,True,False,True,364.0,1,13.0,28.0,13.0,784.0,364.0,169.0,Young,1
19,0,3,31.0,1,0,18.0,False,False,True,558.0,2,9.0,31.0,18.0,961.0,558.0,324.0,Young,1
20,1,3,28.0,0,0,7.225,False,False,False,202.29999999999998,1,7.225,28.0,7.225,784.0,202.29999999999998,52.200624999999995,Young,1
21,0,2,35.0,0,0,26.0,True,False,True,910.0,1,26.0,35.0,26.0,1225.0,910.0,676.0,Young,1
22,1,2,34.0,0,0,13.0,True,False,True,442.0,1,13.0,34.0,13.0,1156.0,442.0,169.0,Young,1
23,1,3,15.0,0,0,8.0292,False,True,False,120.43799999999999,1,8.0292,15.0,8.0292,225.0,120.43799999999999,64.46805264,Teen,0
24,1,1,28.0,0,0,35.5,True,False,True,994.0,1,35.5,28.0,35.5,784.0,994.0,1260.25,Young,1
25,0,3,8.0,3,1,21.075,False,False,True,168.6,5,4.215,8.0,21.075,64.0,168.6,444.155625,Teen,0
26,1,3,38.0,1,5,31.3875,False,False,True,1192.725,7,4.483928571428572,38.0,31.3875,1444.0,1192.725,985.17515625,Adult,2
27,0,3,28.0,0,0,7.225,True,False,False,202.29999999999998,1,7.225,28.0,7.225,784.0,202.29999999999998,52.200624999999995,Young,1
28,0,1,19.0,3,2,263.0,True,False,True,4997.0,6,43.833333333333336,19.0,263.0,361.0,4997.0,69169.0,Young,1
29,1,3,28.0,0,0,7.8792,False,True,False,220.6176,1,7.8792,28.0,7.8792,784.0,220.6176,62.081792639999996,Young,1
30,0,3,28.0,0,0,7.8958,True,False,True,221.0824,1,7.8958,28.0,7.8958,784.0,221.0824,62.34365764,Young,1
31,0,1,40.0,0,0,27.7208,True,False,False,1108.832,1,27.7208,40.0,27.7208,1600.0,1108.832,768.44275264,Adult,2
32,1,1,28.0,1,0,146.5208,False,False,False,4102.5824,2,73.2604,28.0,146.5208,784.0,4102.5824,21468.344832640003,Young,1
33,1,3,28.0,0,0,7.75,False,True,False,217.0,1,7.75,28.0,7.75,784.0,217.0,60.0625,Young,1
34,0,2,66.0,0,0,10.5,True,False,True,693.0,1,10.5,66.0,10.5,4356.0,693.0,110.25,Senior,3
35,0,1,28.0,1,0,82.1708,True,False,False,2300.7824,2,41.0854,28.0,82.1708,784.0,2300.7824,6752.04037264,Young,1
36,0,1,42.0,1,0,52.0,True,False,True,2184.0,2,26.0,42.0,52.0,1764.0,2184.0,2704.0,Adult,2
37,1,3,28.0,0,0,7.2292,True,False,False,202.4176,1,7.2292,28.0,7.2292,784.0,202.4176,52.26133263999999,Young,1
38,0,3,21.0,0,0,8.05,True,False,True,169.05,1,8.05,21.0,8.05,441.0,169.05,64.80250000000001,Young,1
39,0,3,18.0,2,0,18.0,False,False,True,324.0,3,6.0,18.0,18.0,324.0,324.0,324.0,Teen,0
40,1,3,14.0,1,0,11.2417,False,False,False,157.3838,2,5.62085,14.0,11.2417,196.0,157.3838,126.37581888999999,Teen,0
41,0,3,40.0,1,0,9.475,False,False,True,379.0,2,4.7375,40.0,9.475,1600.0,379.0,89.77562499999999,Adult,2
42,0,2,27.0,1,0,21.0,False,False,True,567.0,2,10.5,27.0,21.0,729.0,567.0,441.0,Young,1
43,0,3,28.0,0,0,7.8958,True,False,False,221.0824,1,7.8958,28.0,7.8958,784.0,221.0824,62.34365764,Young,1
44,1,2,3.0,1,2,41.5792,False,False,False,124.7376,4,10.3948,3.0,41.5792,9.0,124.7376,1728.82987264,Teen,0
45,1,3,19.0,0,0,7.8792,False,True,False,149.7048,1,7.8792,19.0,7.8792,361.0,149.7048,62.081792639999996,Young,1
46,0,3,28.0,0,0,8.05,True,False,True,225.40000000000003,1,8.05,28.0,8.05,784.0,225.40000000000003,64.80250000000001,Young,1
47,0,3,28.0,1,0,15.5,True,True,False,434.0,2,7.75,28.0,15.5,784.0,434.0,240.25,Young,1
48,1,3,28.0,0,0,7.75,False,True,False,217.0,1,7.75,28.0,7.75,784.0,217.0,60.0625,Young,1
49,0,3,28.0,2,0,21.6792,True,False,False,607.0176,3,7.226400000000001,28.0,21.6792,784.0,607.0176,469.98771264000004,Young,1
50,0,3,18.0,1,0,17.8,False,False,True,320.40000000000003,2,8.9,18.0,17.8,324.0,320.40000000000003,316.84000000000003,Teen,0
51,0,3,7.0,4,1,39.6875,True,False,True,277.8125,6,6.614583333333333,7.0,39.6875,49.0,277.8125,1575.09765625,Teen,0
52,0,3,21.0,0,0,7.8,True,False,True,163.79999999999998,1,7.8,21.0,7.8,441.0,163.79999999999998,60.839999999999996,Young,1
53,1,1,49.0,1,0,76.7292,False,False,False,3759.7308000000003,2,38.3646,49.0,76.7292,2401.0,3759.7308000000003,5887.3701326400005,Adult,2
54,1,2,29.0,1,0,26.0,False,False,True,754.0,2,13.0,29.0,26.0,841.0,754.0,676.0,Young,1
55,0,1,65.0,0,1,61.9792,True,False,False,4028.648,2,30.9896,65.0,61.9792,4225.0,4028.648,3841.4212326399997,Senior,3
56,1,1,28.0,0,0,35.5,True,False,True,994.0,1,35.5,28.0,35.5,784.0,994.0,1260.25,Young,1
57,1,2,21.0,0,0,10.5,False,False,True,220.5,1,10.5,21.0,10.5,441.0,220.5,110.25,Young,1
58,0,3,28.5,0,0,7.2292,True,False,False,206.0322,1,7.2292,28.5,7.2292,812.25,206.0322,52.26133263999999,Young,1
59,1,2,5.0,1,2,27.75,False,False,True,138.75,4,6.9375,5.0,27.75,25.0,138.75,770.0625,Teen,0
60,0,3,11.0,5,2,46.9,True,False,True,515.9,8,5.8625,11.0,46.9,121.0,515.9,2199.6099999999997,Teen,0
61,0,3,22.0,0,0,7.2292,True,False,False,159.0424,1,7.2292,22.0,7.2292,484.0,159.0424,52.26133263999999,Young,1
62,1,1,38.0,0,0,80.0,False,False,True,3040.0,1,80.0,38.0,80.0,1444.0,3040.0,6400.0,Adult,2
63,0,1,45.0,1,0,83.475,True,False,True,3756.3749999999995,2,41.7375,45.0,83.475,2025.0,3756.3749999999995,6968.0756249999995,Adult,2
64,0,3,4.0,3,2,27.9,True,False,True,111.6,6,4.6499999999999995,4.0,27.9,16.0,111.6,778.41,Teen,0
65,0,1,28.0,0,0,27.7208,True,False,False,776.1824,1,27.7208,28.0,27.7208,784.0,776.1824,768.44275264,Young,1
66,1,3,28.0,1,1,15.2458,True,False,False,426.88239999999996,3,5.081933333333333,28.0,15.2458,784.0,426.88239999999996,232.43441763999996,Young,1
67,1,2,29.0,0,0,10.5,False,False,True,304.5,1,10.5,29.0,10.5,841.0,304.5,110.25,Young,1
68,0,3,19.0,0,0,8.1583,True,False,True,155.0077,1,8.1583,19.0,8.1583,361.0,155.0077,66.55785889,Young,1
69,1,3,17.0,4,2,7.925,False,False,True,134.725,7,1.1321428571428571,17.0,7.925,289.0,134.725,62.805625,Teen,0
70,0,3,26.0,2,0,8.6625,True,False,True,225.225,3,2.8874999999999997,26.0,8.6625,676.0,225.225,75.03890625,Young,1
71,0,2,32.0,0,0,10.5,True,False,True,336.0,1,10.5,32.0,10.5,1024.0,336.0,110.25,Young,1
72,0,3,16.0,5,2,46.9,False,False,True,750.4,8,5.8625,16.0,46.9,256.0,750.4,2199.6099999999997,Teen,0
73,0,2,21.0,0,0,73.5,True,False,True,1543.5,1,73.5,21.0,73.5,441.0,1543.5,5402.25,Young,1
74,0,3,26.0,1,0,14.4542,True,False,False,375.80920000000003,2,7.2271,26.0,14.4542,676.0,375.80920000000003,208.92389764,Young,1
75,1,3,32.0,0,0,56.4958,True,False,True,1807.8656,1,56.4958,32.0,56.4958,1024.0,1807.8656,3191.7754176400003,Young,1
76,0,3,25.0,0,0,7.65,True,False,True,191.25,1,7.65,25.0,7.65,625.0,191.25,58.52250000000001,Young,1
77,0,3,28.0,0,0,7.8958,True,False,True,221.0824,1,7.8958,28.0,7.8958,784.0,221.0824,62.34365764,Young,1
78,0,3,28.0,0,0,8.05,True,False,True,225.40000000000003,1,8.05,28.0,8.05,784.0,225.40000000000003,64.80250000000001,Young,1
79,1,2,0.83,0,2,29.0,True,False,True,24.07,3,9.666666666666666,0.83,29.0,0.6889,24.07,841.0,Teen,0
80,1,3,30.0,0,0,12.475,False,False,True,374.25,1,12.475,30.0,12.475,900.0,374.25,155.62562499999999,Young,1
81,0,3,22.0,0,0,9.0,True,False,True,198.0,1,9.0,22.0,9.0,484.0,198.0,81.0,Young,1
82,1,3,29.0,0,0,9.5,True,False,True,275.5,1,9.5,29.0,9.5,841.0,275.5,90.25,Young,1
83,1,3,28.0,0,0,7.7875,False,True,False,218.04999999999998,1,7.7875,28.0,7.7875,784.0,218.04999999999998,60.64515624999999,Young,1
84,0,1,28.0,0,0,47.1,True,False,True,1318.8,1,47.1,28.0,47.1,784.0,1318.8,2218.4100000000003,Young,1
85,1,2,17.0,0,0,10.5,False,False,True,178.5,1,10.5,17.0,10.5,289.0,178.5,110.25,Teen,0
86,1,3,33.0,3,0,15.85,False,False,True,523.05,4,3.9625,33.0,15.85,1089.0,523.05,251.2225,Young,1
87,0,3,16.0,1,3,34.375,True,False,True,550.0,5,6.875,16.0,34.375,256.0,550.0,1181.640625,Teen,0
88,0,3,28.0,0,0,8.05,True,False,True,225.40000000000003,1,8.05,28.0,8.05,784.0,225.40000000000003,64.80250000000001,Young,1
89,1,1,23.0,3,2,263.0,False,False,True,6049.0,6,43.833333333333336,23.0,263.0,529.0,6049.0,69169.0,Young,1
90,0,3,24.0,0,0,8.05,True,False,True,193.20000000000002,1,8.05,24.0,8.05,576.0,193.20000000000002,64.80250000000001,Young,1
91,0,3,29.0,0,0,8.05,True,False,True,233.45000000000002,1,8.05,29.0,8.05,841.0,233.45000000000002,64.80250000000001,Young,1
92,0,3,20.0,0,0,7.8542,True,False,True,157.084,1,7.8542,20.0,7.8542,400.0,157.084,61.688457639999996,Young,1
93,0,1,46.0,1,0,61.175,True,False,True,2814.0499999999997,2,30.5875,46.0,61.175,2116.0,2814.0499999999997,3742.380625,Adult,2
94,0,3,26.0,1,2,20.575,True,False,True,534.9499999999999,4,5.14375,26.0,20.575,676.0,534.9499999999999,423.330625,Young,1
95,0,3,59.0,0,0,7.25,True,False,True,427.75,1,7.25,59.0,7.25,3481.0,427.75,52.5625,Adult,2
96,0,3,28.0,0,0,8.05,True,False,True,225.40000000000003,1,8.05,28.0,8.05,784.0,225.40000000000003,64.80250000000001,Young,1
97,0,1,71.0,0,0,34.6542,True,False,False,2460.4482000000003,1,34.6542,71.0,34.6542,5041.0,2460.4482000000003,1200.9135776400003,Senior,3
98,1,1,23.0,0,1,63.3583,True,False,False,1457.2409,2,31.67915,23.0,63.3583,529.0,1457.2409,4014.27417889,Young,1
99,1,2,34.0,0,1,23.0,False,False,True,782.0,2,11.5,34.0,23.0,1156.0,782.0,529.0,Young,1
100,0,2,34.0,1,0,26.0,True,False,True,884.0,2,13.0,34.0,26.0,1156.0,884.0,676.0,Young,1
101,0,3,28.0,0,0,7.8958,False,False,True,221.0824,1,7.8958,28.0,7.8958,784.0,221.0824,62.34365764,Young,1
102,0,3,28.0,0,0,7.8958,True,False,True,221.0824,1,7.8958,28.0,7.8958,784.0,221.0824,62.34365764,Young,1
103,0,1,21.0,0,1,77.2875,True,False,True,1623.0375,2,38.64375,21.0,77.2875,441.0,1623.0375,5973.357656249999,Young,1
104,0,3,33.0,0,0,8.6542,True,False,True,285.5886,1,8.6542,33.0,8.6542,1089.0,285.5886,74.89517763999999,Young,1
105,0,3,37.0,2,0,7.925,True,False,True,293.22499999999997,3,2.6416666666666666,37.0,7.925,1369.0,293.22499999999997,62.805625,Adult,2
106,0,3,28.0,0,0,7.8958,True,False,True,221.0824,1,7.8958,28.0,7.8958,784.0,221.0824,62.34365764,Young,1
107,1,3,21.0,0,0,7.65,False,False,True,160.65,1,7.65,21.0,7.65,441.0,160.65,58.52250000000001,Young,1
108,1,3,28.0,0,0,7.775,True,False,True,217.70000000000002,1,7.775,28.0,7.775,784.0,217.70000000000002,60.450625,Young,1
109,0,3,38.0,0,0,7.8958,True,False,True,300.04040000000003,1,7.8958,38.0,7.8958,1444.0,300.04040000000003,62.34365764,Adult,2
110,1,3,28.0,1,0,24.15,False,True,False,676.1999999999999,2,12.075,28.0,24.15,784.0,676.1999999999999,583.2225,Young,1
111,0,1,47.0,0,0,52.0,True,False,True,2444.0,1,52.0,47.0,52.0,2209.0,2444.0,2704.0,Adult,2
112,0,3,14.5,1,0,14.4542,False,False,False,209.5859,2,7.2271,14.5,14.4542,210.25,209.5859,208.92389764,Teen,0
113,0,3,22.0,0,0,8.05,True,False,True,177.10000000000002,1,8.05,22.0,8.05,484.0,177.10000000000002,64.80250000000001,Young,1
114,0,3,20.0,1,0,9.825,False,False,True,196.5,2,4.9125,20.0,9.825,400.0,196.5,96.53062499999999,Young,1
115,0,3,17.0,0,0,14.4583,False,False,False,245.7911,1,14.4583,17.0,14.4583,289.0,245.7911,209.04243888999997,Teen,0
116,0,3,21.0,0,0,7.925,True,False,True,166.42499999999998,1,7.925,21.0,7.925,441.0,166.42499999999998,62.805625,Young,1
117,0,3,70.5,0,0,7.75,True,True,False,546.375,1,7.75,70.5,7.75,4970.25,546.375,60.0625,Senior,3
118,0,2,29.0,1,0,21.0,True,False,True,609.0,2,10.5,29.0,21.0,841.0,609.0,441.0,Young,1
119,0,1,24.0,0,1,247.5208,True,False,False,5940.4992,2,123.7604,24.0,247.5208,576.0,5940.4992,61266.54643264,Young,1
120,0,3,2.0,4,2,31.275,False,False,True,62.55,7,4.4678571428571425,2.0,31.275,4.0,62.55,978.1256249999999,Teen,0
121,0,2,21.0,2,0,73.5,True,False,True,1543.5,3,24.5,21.0,73.5,441.0,1543.5,5402.25,Young,1
122,0,3,28.0,0,0,8.05,True,False,True,225.40000000000003,1,8.05,28.0,8.05,784.0,225.40000000000003,64.80250000000001,Young,1
123,0,2,32.5,1,0,30.0708,True,False,False,977.3009999999999,2,15.0354,32.5,30.0708,1056.25,977.3009999999999,904.25301264,Young,1
124,1,2,32.5,0,0,13.0,False,False,True,422.5,1,13.0,32.5,13.0,1056.25,422.5,169.0,Young,1
125,0,1,54.0,0,1,77.2875,True,False,True,4173.525,2,38.64375,54.0,77.2875,2916.0,4173.525,5973.357656249999,Adult,2
126,1,3,12.0,1,0,11.2417,True,False,False,134.9004,2,5.62085,12.0,11.2417,144.0,134.9004,126.37581888999999,Teen,0
127,0,3,28.0,0,0,7.75,True,True,False,217.0,1,7.75,28.0,7.75,784.0,217.0,60.0625,Young,1
128,1,3,24.0,0,0,7.1417,True,False,True,171.4008,1,7.1417,24.0,7.1417,576.0,171.4008,51.00387889,Young,1
129,1,3,28.0,1,1,22.3583,False,False,False,626.0324,3,7.452766666666666,28.0,22.3583,784.0,626.0324,499.89357889,Young,1
130,0,3,45.0,0,0,6.975,True,False,True,313.875,1,6.975,45.0,6.975,2025.0,313.875,48.650625,Adult,2
131,0,3,33.0,0,0,7.8958,True,False,False,260.5614,1,7.8958,33.0,7.8958,1089.0,260.5614,62.34365764,Young,1
132,0,3,20.0,0,0,7.05,True,False,True,141.0,1,7.05,20.0,7.05,400.0,141.0,49.7025,Young,1
133,0,3,47.0,1,0,14.5,False,False,True,681.5,2,7.25,47.0,14.5,2209.0,681.5,210.25,Adult,2
134,1,2,29.0,1,0,26.0,False,False,True,754.0,2,13.0,29.0,26.0,841.0,754.0,676.0,Young,1
135,0,2,25.0,0,0,13.0,True,False,True,325.0,1,13.0,25.0,13.0,625.0,325.0,169.0,Young,1
136,0,2,23.0,0,0,15.0458,True,False,False,346.0534,1,15.0458,23.0,15.0458,529.0,346.0534,226.37609763999998,Young,1
137,1,1,19.0,0,2,26.2833,False,False,True,499.3827,3,8.7611,19.0,26.2833,361.0,499.3827,690.81185889,Young,1
138,0,1,37.0,1,0,53.1,True,False,True,1964.7,2,26.55,37.0,53.1,1369.0,1964.7,2819.61,Adult,2
139,0,3,16.0,0,0,9.2167,True,False,True,147.4672,1,9.2167,16.0,9.2167,256.0,147.4672,84.94755889,Teen,0
140,0,1,24.0,0,0,79.2,True,False,False,1900.8000000000002,1,79.2,24.0,79.2,576.0,1900.8000000000002,6272.64,Young,1
141,0,3,28.0,0,2,15.2458,False,False,False,426.88239999999996,3,5.081933333333333,28.0,15.2458,784.0,426.88239999999996,232.43441763999996,Young,1
142,1,3,22.0,0,0,7.75,False,False,True,170.5,1,7.75,22.0,7.75,484.0,170.5,60.0625,Young,1
143,1,3,24.0,1,0,15.85,False,False,True,380.4,2,7.925,24.0,15.85,576.0,380.4,251.2225,Young,1
144,0,3,19.0,0,0,6.75,True,True,False,128.25,1,6.75,19.0,6.75,361.0,128.25,45.5625,Young,1
145,0,2,18.0,0,0,11.5,True,False,True,207.0,1,11.5,18.0,11.5,324.0,207.0,132.25,Teen,0
146,0,2,19.0,1,1,36.75,True,False,True,698.25,3,12.25,19.0,36.75,361.0,698.25,1350.5625,Young,1
147,1,3,27.0,0,0,7.7958,True,False,True,210.4866,1,7.7958,27.0,7.7958,729.0,210.4866,60.77449764,Young,1
148,0,3,9.0,2,2,34.375,False,False,True,309.375,5,6.875,9.0,34.375,81.0,309.375,1181.640625,Teen,0
149,0,2,36.5,0,2,26.0,True,False,True,949.0,3,8.666666666666666,36.5,26.0,1332.25,949.0,676.0,Adult,2
150,0,2,42.0,0,0,13.0,True,False,True,546.0,1,13.0,42.0,13.0,1764.0,546.0,169.0,Adult,2
151,0,2,51.0,0,0,12.525,True,False,True,638.775,1,12.525,51.0,12.525,2601.0,638.775,156.875625,Adult,2
152,1,1,22.0,1,0,66.6,False,False,True,1465.1999999999998,2,33.3,22.0,66.6,484.0,1465.1999999999998,4435.5599999999995,Young,1
153,0,3,55.5,0,0,8.05,True,False,True,446.77500000000003,1,8.05,55.5,8.05,3080.25,446.77500000000003,64.80250000000001,Adult,2
154,0,3,40.5,0,2,14.5,True,False,True,587.25,3,4.833333333333333,40.5,14.5,1640.25,587.25,210.25,Adult,2
155,0,3,28.0,0,0,7.3125,True,False,True,204.75,1,7.3125,28.0,7.3125,784.0,204.75,53.47265625,Young,1
156,0,1,51.0,0,1,61.3792,True,False,False,3130.3392,2,30.6896,51.0,61.3792,2601.0,3130.3392,3767.4061926399995,Adult,2
157,1,3,16.0,0,0,7.7333,False,True,False,123.7328,1,7.7333,16.0,7.7333,256.0,123.7328,59.803928889999995,Teen,0
158,0,3,30.0,0,0,8.05,True,False,True,241.50000000000003,1,8.05,30.0,8.05,900.0,241.50000000000003,64.80250000000001,Young,1
159,0,3,28.0,0,0,8.6625,True,False,True,242.54999999999998,1,8.6625,28.0,8.6625,784.0,242.54999999999998,75.03890625,Young,1
160,0,3,28.0,8,2,69.55,True,False,True,1947.3999999999999,11,6.322727272727272,28.0,69.55,784.0,1947.3999999999999,4837.202499999999,Young,1
161,0,3,44.0,0,1,16.1,True,False,True,708.4000000000001,2,8.05,44.0,16.1,1936.0,708.4000000000001,259.21000000000004,Adult,2
162,1,2,40.0,0,0,15.75,False,False,True,630.0,1,15.75,40.0,15.75,1600.0,630.0,248.0625,Adult,2
163,0,3,26.0,0,0,7.775,True,False,True,202.15,1,7.775,26.0,7.775,676.0,202.15,60.450625,Young,1
164,0,3,17.0,0,0,8.6625,True,False,True,147.2625,1,8.6625,17.0,8.6625,289.0,147.2625,75.03890625,Teen,0
165,0,3,1.0,4,1,39.6875,True,False,True,39.6875,6,6.614583333333333,1.0,39.6875,1.0,39.6875,1575.09765625,Teen,0
166,1,3,9.0,0,2,20.525,True,False,True,184.725,3,6.841666666666666,9.0,20.525,81.0,184.725,421.27562499999993,Teen,0
167,1,1,28.0,0,1,55.0,False,False,True,1540.0,2,27.5,28.0,55.0,784.0,1540.0,3025.0,Young,1
168,0,3,45.0,1,4,27.9,False,False,True,1255.5,6,4.6499999999999995,45.0,27.9,2025.0,1255.5,778.41,Adult,2
169,0,1,28.0,0,0,25.925,True,False,True,725.9,1,25.925,28.0,25.925,784.0,725.9,672.105625,Young,1
170,0,3,28.0,0,0,56.4958,True,False,True,1581.8824,1,56.4958,28.0,56.4958,784.0,1581.8824,3191.7754176400003,Young,1
171,0,1,61.0,0,0,33.5,True,False,True,2043.5,1,33.5,61.0,33.5,3721.0,2043.5,1122.25,Senior,3
172,0,3,4.0,4,1,29.125,True,True,False,116.5,6,4.854166666666667,4.0,29.125,16.0,116.5,848.265625,Teen,0
173,1,3,1.0,1,1,11.1333,False,False,True,11.1333,3,3.7111,1.0,11.1333,1.0,11.1333,123.95036889000001,Teen,0
174,0,3,21.0,0,0,7.925,True,False,True,166.42499999999998,1,7.925,21.0,7.925,441.0,166.42499999999998,62.805625,Young,1
175,0,1,56.0,0,0,30.6958,True,False,False,1718.9648,1,30.6958,56.0,30.6958,3136.0,1718.9648,942.2321376399999,Adult,2
176,0,3,18.0,1,1,7.8542,True,False,True,141.3756,3,2.6180666666666665,18.0,7.8542,324.0,141.3756,61.688457639999996,Teen,0
177,0,3,28.0,3,1,25.4667,True,False,True,713.0676,5,5.0933399999999995,28.0,25.4667,784.0,713.0676,648.5528088899999,Young,1
178,0,1,50.0,0,0,28.7125,False,False,False,1435.625,1,28.7125,50.0,28.7125,2500.0,1435.625,824.40765625,Adult,2
179,0,2,30.0,0,0,13.0,True,False,True,390.0,1,13.0,30.0,13.0,900.0,390.0,169.0,Young,1
180,0,3,36.0,0,0,0.0,True,False,True,0.0,1,0.0,36.0,0.0,1296.0,0.0,0.0,Adult,2
181,0,3,28.0,8,2,69.55,False,False,True,1947.3999999999999,11,6.322727272727272,28.0,69.55,784.0,1947.3999999999999,4837.202499999999,Young,1
182,0,2,28.0,0,0,15.05,True,False,False,421.40000000000003,1,15.05,28.0,15.05,784.0,421.40000000000003,226.50250000000003,Young,1
183,0,3,9.0,4,2,31.3875,True,False,True,282.4875,7,4.483928571428572,9.0,31.3875,81.0,282.4875,985.17515625,Teen,0
184,1,2,1.0,2,1,39.0,True,False,True,39.0,4,9.75,1.0,39.0,1.0,39.0,1521.0,Teen,0
185,1,3,4.0,0,2,22.025,False,False,True,88.1,3,7.341666666666666,4.0,22.025,16.0,88.1,485.1006249999999,Teen,0
186,0,1,28.0,0,0,50.0,True,False,True,1400.0,1,50.0,28.0,50.0,784.0,1400.0,2500.0,Young,1
187,1,3,28.0,1,0,15.5,False,True,False,434.0,2,7.75,28.0,15.5,784.0,434.0,240.25,Young,1
188,1,1,45.0,0,0,26.55,True,False,True,1194.75,1,26.55,45.0,26.55,2025.0,1194.75,704.9025,Adult,2
189,0,3,40.0,1,1,15.5,True,True,False,620.0,3,5.166666666666667,40.0,15.5,1600.0,620.0,240.25,Adult,2
190,0,3,36.0,0,0,7.8958,True,False,True,284.2488,1,7.8958,36.0,7.8958,1296.0,284.2488,62.34365764,Adult,2
191,1,2,32.0,0,0,13.0,False,False,True,416.0,1,13.0,32.0,13.0,1024.0,416.0,169.0,Young,1
192,0,2,19.0,0,0,13.0,True,False,True,247.0,1,13.0,19.0,13.0,361.0,247.0,169.0,Young,1
193,1,3,19.0,1,0,7.8542,False,False,True,149.22979999999998,2,3.9271,19.0,7.8542,361.0,149.22979999999998,61.688457639999996,Young,1
194,1,2,3.0,1,1,26.0,True,False,True,78.0,3,8.666666666666666,3.0,26.0,9.0,78.0,676.0,Teen,0
195,1,1,44.0,0,0,27.7208,False,False,False,1219.7152,1,27.7208,44.0,27.7208,1936.0,1219.7152,768.44275264,Adult,2
196,1,1,58.0,0,0,146.5208,False,False,False,8498.206400000001,1,146.5208,58.0,146.5208,3364.0,8498.206400000001,21468.344832640003,Adult,2
197,0,3,28.0,0,0,7.75,True,True,False,217.0,1,7.75,28.0,7.75,784.0,217.0,60.0625,Young,1
198,0,3,42.0,0,1,8.4042,True,False,True,352.97639999999996,2,4.2021,42.0,8.4042,1764.0,352.97639999999996,70.63057763999998,Adult,2
199,1,3,28.0,0,0,7.75,False,True,False,217.0,1,7.75,28.0,7.75,784.0,217.0,60.0625,Young,1
200,0,2,24.0,0,0,13.0,False,False,True,312.0,1,13.0,24.0,13.0,576.0,312.0,169.0,Young,1
201,0,3,28.0,0,0,9.5,True,False,True,266.0,1,9.5,28.0,9.5,784.0,266.0,90.25,Young,1
202,0,3,28.0,8,2,69.55,True,False,True,1947.3999999999999,11,6.322727272727272,28.0,69.55,784.0,1947.3999999999999,4837.202499999999,Young,1
203,0,3,34.0,0,0,6.4958,True,False,True,220.8572,1,6.4958,34.0,6.4958,1156.0,220.8572,42.19541764,Young,1
204,0,3,45.5,0,0,7.225,True,False,False,328.7375,1,7.225,45.5,7.225,2070.25,328.7375,52.200624999999995,Adult,2
205,1,3,18.0,0,0,8.05,True,False,True,144.9,1,8.05,18.0,8.05,324.0,144.9,64.80250000000001,Teen,0
206,0,3,2.0,0,1,10.4625,False,False,True,20.925,2,5.23125,2.0,10.4625,4.0,20.925,109.46390625000001,Teen,0
207,0,3,32.0,1,0,15.85,True,False,True,507.2,2,7.925,32.0,15.85,1024.0,507.2,251.2225,Young,1
208,1,3,26.0,0,0,18.7875,True,False,False,488.475,1,18.7875,26.0,18.7875,676.0,488.475,352.97015625000006,Young,1
209,1,3,16.0,0,0,7.75,False,True,False,124.0,1,7.75,16.0,7.75,256.0,124.0,60.0625,Teen,0
210,1,1,40.0,0,0,31.0,True,False,False,1240.0,1,31.0,40.0,31.0,1600.0,1240.0,961.0,Adult,2
211,0,3,24.0,0,0,7.05,True,False,True,169.2,1,7.05,24.0,7.05,576.0,169.2,49.7025,Young,1
212,1,2,35.0,0,0,21.0,False,False,True,735.0,1,21.0,35.0,21.0,1225.0,735.0,441.0,Young,1
213,0,3,22.0,0,0,7.25,True,False,True,159.5,1,7.25,22.0,7.25,484.0,159.5,52.5625,Young,1
214,0,2,30.0,0,0,13.0,True,False,True,390.0,1,13.0,30.0,13.0,900.0,390.0,169.0,Young,1
215,0,3,28.0,1,0,7.75,True,True,False,217.0,2,3.875,28.0,7.75,784.0,217.0,60.0625,Young,1
216,1,1,31.0,1,0,113.275,False,False,False,3511.525,2,56.6375,31.0,113.275,961.0,3511.525,12831.225625000001,Young,1
217,1,3,27.0,0,0,7.925,False,False,True,213.975,1,7.925,27.0,7.925,729.0,213.975,62.805625,Young,1
218,0,2,42.0,1,0,27.0,True,False,True,1134.0,2,13.5,42.0,27.0,1764.0,1134.0,729.0,Adult,2
219,1,1,32.0,0,0,76.2917,False,False,False,2441.3344,1,76.2917,32.0,76.2917,1024.0,2441.3344,5820.423488890001,Young,1
220,0,2,30.0,0,0,10.5,True,False,True,315.0,1,10.5,30.0,10.5,900.0,315.0,110.25,Young,1
221,1,3,16.0,0,0,8.05,True,False,True,128.8,1,8.05,16.0,8.05,256.0,128.8,64.80250000000001,Teen,0
222,0,2,27.0,0,0,13.0,True,False,True,351.0,1,13.0,27.0,13.0,729.0,351.0,169.0,Young,1
223,0,3,51.0,0,0,8.05,True,False,True,410.55,1,8.05,51.0,8.05,2601.0,410.55,64.80250000000001,Adult,2
224,0,3,28.0,0,0,7.8958,True,False,True,221.0824,1,7.8958,28.0,7.8958,784.0,221.0824,62.34365764,Young,1
225,1,1,38.0,1,0,90.0,True,False,True,3420.0,2,45.0,38.0,90.0,1444.0,3420.0,8100.0,Adult,2
226,0,3,22.0,0,0,9.35,True,False,True,205.7,1,9.35,22.0,9.35,484.0,205.7,87.4225,Young,1
227,1,2,19.0,0,0,10.5,True,False,True,199.5,1,10.5,19.0,10.5,361.0,199.5,110.25,Young,1
228,0,3,20.5,0,0,7.25,True,False,True,148.625,1,7.25,20.5,7.25,420.25,148.625,52.5625,Young,1
229,0,2,18.0,0,0,13.0,True,False,True,234.0,1,13.0,18.0,13.0,324.0,234.0,169.0,Teen,0
230,0,3,28.0,3,1,25.4667,False,False,True,713.0676,5,5.0933399999999995,28.0,25.4667,784.0,713.0676,648.5528088899999,Young,1
231,1,1,35.0,1,0,83.475,False,False,True,2921.625,2,41.7375,35.0,83.475,1225.0,2921.625,6968.0756249999995,Young,1
232,0,3,29.0,0,0,7.775,True,False,True,225.47500000000002,1,7.775,29.0,7.775,841.0,225.47500000000002,60.450625,Young,1
233,0,2,59.0,0,0,13.5,True,False,True,796.5,1,13.5,59.0,13.5,3481.0,796.5,182.25,Adult,2
234,1,3,5.0,4,2,31.3875,False,False,True,156.9375,7,4.483928571428572,5.0,31.3875,25.0,156.9375,985.17515625,Teen,0
235,0,2,24.0,0,0,10.5,True,False,True,252.0,1,10.5,24.0,10.5,576.0,252.0,110.25,Young,1
236,0,3,28.0,0,0,7.55,False,False,True,211.4,1,7.55,28.0,7.55,784.0,211.4,57.0025,Young,1
237,0,2,44.0,1,0,26.0,True,False,True,1144.0,2,13.0,44.0,26.0,1936.0,1144.0,676.0,Adult,2
238,1,2,8.0,0,2,26.25,False,False,True,210.0,3,8.75,8.0,26.25,64.0,210.0,689.0625,Teen,0
239,0,2,19.0,0,0,10.5,True,False,True,199.5,1,10.5,19.0,10.5,361.0,199.5,110.25,Young,1
240,0,2,33.0,0,0,12.275,True,False,True,405.075,1,12.275,33.0,12.275,1089.0,405.075,150.675625,Young,1
241,0,3,28.0,1,0,14.4542,False,False,False,404.7176,2,7.2271,28.0,14.4542,784.0,404.7176,208.92389764,Young,1
242,1,3,28.0,1,0,15.5,False,True,False,434.0,2,7.75,28.0,15.5,784.0,434.0,240.25,Young,1
243,0,2,29.0,0,0,10.5,True,False,True,304.5,1,10.5,29.0,10.5,841.0,304.5,110.25,Young,1
244,0,3,22.0,0,0,7.125,True,False,True,156.75,1,7.125,22.0,7.125,484.0,156.75,50.765625,Young,1
245,0,3,30.0,0,0,7.225,True,False,False,216.75,1,7.225,30.0,7.225,900.0,216.75,52.200624999999995,Young,1
246,0,1,44.0,2,0,90.0,True,True,False,3960.0,3,30.0,44.0,90.0,1936.0,3960.0,8100.0,Adult,2
247,0,3,25.0,0,0,7.775,False,False,True,194.375,1,7.775,25.0,7.775,625.0,194.375,60.450625,Young,1
248,1,2,24.0,0,2,14.5,False,False,True,348.0,3,4.833333333333333,24.0,14.5,576.0,348.0,210.25,Young,1
249,1,1,37.0,1,1,52.5542,True,False,True,1944.5054,3,17.518066666666666,37.0,52.5542,1369.0,1944.5054,2761.94393764,Adult,2
250,0,2,54.0,1,0,26.0,True,False,True,1404.0,2,13.0,54.0,26.0,2916.0,1404.0,676.0,Adult,2
251,0,3,28.0,0,0,7.25,True,False,True,203.0,1,7.25,28.0,7.25,784.0,203.0,52.5625,Young,1
252,0,3,29.0,1,1,10.4625,False,False,True,303.4125,3,3.4875000000000003,29.0,10.4625,841.0,303.4125,109.46390625000001,Young,1
253,0,1,62.0,0,0,26.55,True,False,True,1646.1000000000001,1,26.55,62.0,26.55,3844.0,1646.1000000000001,704.9025,Senior,3
254,0,3,30.0,1,0,16.1,True,False,True,483.00000000000006,2,8.05,30.0,16.1,900.0,483.00000000000006,259.21000000000004,Young,1
255,0,3,41.0,0,2,20.2125,False,False,True,828.7125,3,6.7375,41.0,20.2125,1681.0,828.7125,408.54515624999993,Adult,2
256,1,3,29.0,0,2,15.2458,False,False,False,442.1282,3,5.081933333333333,29.0,15.2458,841.0,442.1282,232.43441763999996,Young,1
257,1,1,28.0,0,0,79.2,False,False,False,2217.6,1,79.2,28.0,79.2,784.0,2217.6,6272.64,Young,1
258,1,1,30.0,0,0,86.5,False,False,True,2595.0,1,86.5,30.0,86.5,900.0,2595.0,7482.25,Young,1
259,1,1,35.0,0,0,512.3292,False,False,False,17931.522,1,512.3292,35.0,512.3292,1225.0,17931.522,262481.20917264,Young,1
260,1,2,50.0,0,1,26.0,False,False,True,1300.0,2,13.0,50.0,26.0,2500.0,1300.0,676.0,Adult,2
261,0,3,28.0,0,0,7.75,True,True,False,217.0,1,7.75,28.0,7.75,784.0,217.0,60.0625,Young,1
262,1,3,3.0,4,2,31.3875,True,False,True,94.1625,7,4.483928571428572,3.0,31.3875,9.0,94.1625,985.17515625,Teen,0
263,0,1,52.0,1,1,79.65,True,False,True,4141.8,3,26.55,52.0,79.65,2704.0,4141.8,6344.122500000001,Adult,2
264,0,1,40.0,0,0,0.0,True,False,True,0.0,1,0.0,40.0,0.0,1600.0,0.0,0.0,Adult,2
265,0,3,28.0,0,0,7.75,False,True,False,217.0,1,7.75,28.0,7.75,784.0,217.0,60.0625,Young,1
266,0,2,36.0,0,0,10.5,True,False,True,378.0,1,10.5,36.0,10.5,1296.0,378.0,110.25,Adult,2
267,0,3,16.0,4,1,39.6875,True,False,True,635.0,6,6.614583333333333,16.0,39.6875,256.0,635.0,1575.09765625,Teen,0
268,1,3,25.0,1,0,7.775,True,False,True,194.375,2,3.8875,25.0,7.775,625.0,194.375,60.450625,Young,1
269,1,1,58.0,0,1,153.4625,False,False,True,8900.825,2,76.73125,58.0,153.4625,3364.0,8900.825,23550.73890625,Adult,2
270,1,1,35.0,0,0,135.6333,False,False,True,4747.1655,1,135.6333,35.0,135.6333,1225.0,4747.1655,18396.392068889996,Young,1
271,0,1,28.0,0,0,31.0,True,False,True,868.0,1,31.0,28.0,31.0,784.0,868.0,961.0,Young,1
272,1,3,25.0,0,0,0.0,True,False,True,0.0,1,0.0,25.0,0.0,625.0,0.0,0.0,Young,1
273,1,2,41.0,0,1,19.5,False,False,True,799.5,2,9.75,41.0,19.5,1681.0,799.5,380.25,Adult,2
274,0,1,37.0,0,1,29.7,True,False,False,1098.8999999999999,2,14.85,37.0,29.7,1369.0,1098.8999999999999,882.0899999999999,Adult,2
275,1,3,28.0,0,0,7.75,False,True,False,217.0,1,7.75,28.0,7.75,784.0,217.0,60.0625,Young,1
276,1,1,63.0,1,0,77.9583,False,False,True,4911.372899999999,2,38.97915,63.0,77.9583,3969.0,4911.372899999999,6077.496538889999,Senior,3
277,0,3,45.0,0,0,7.75,False,False,True,348.75,1,7.75,45.0,7.75,2025.0,348.75,60.0625,Adult,2
278,0,2,28.0,0,0,0.0,True,False,True,0.0,1,0.0,28.0,0.0,784.0,0.0,0.0,Young,1
279,0,3,7.0,4,1,29.125,True,True,False,203.875,6,4.854166666666667,7.0,29.125,49.0,203.875,848.265625,Teen,0
280,1,3,35.0,1,1,20.25,False,False,True,708.75,3,6.75,35.0,20.25,1225.0,708.75,410.0625,Young,1
281,0,3,65.0,0,0,7.75,True,True,False,503.75,1,7.75,65.0,7.75,4225.0,503.75,60.0625,Senior,3
282,0,3,28.0,0,0,7.8542,True,False,True,219.9176,1,7.8542,28.0,7.8542,784.0,219.9176,61.688457639999996,Young,1
283,0,3,16.0,0,0,9.5,True,False,True,152.0,1,9.5,16.0,9.5,256.0,152.0,90.25,Teen,0
284,1,3,19.0,0,0,8.05,True,False,True,152.95000000000002,1,8.05,19.0,8.05,361.0,152.95000000000002,64.80250000000001,Young,1
285,0,1,28.0,0,0,26.0,True,False,True,728.0,1,26.0,28.0,26.0,784.0,728.0,676.0,Young,1
286,0,3,33.0,0,0,8.6625,True,False,False,285.8625,1,8.6625,33.0,8.6625,1089.0,285.8625,75.03890625,Young,1
287,1,3,30.0,0,0,9.5,True,False,True,285.0,1,9.5,30.0,9.5,900.0,285.0,90.25,Young,1
288,0,3,22.0,0,0,7.8958,True,False,True,173.7076,1,7.8958,22.0,7.8958,484.0,173.7076,62.34365764,Young,1
289,1,2,42.0,0,0,13.0,True,False,True,546.0,1,13.0,42.0,13.0,1764.0,546.0,169.0,Adult,2
290,1,3,22.0,0,0,7.75,False,True,False,170.5,1,7.75,22.0,7.75,484.0,170.5,60.0625,Young,1
291,1,1,26.0,0,0,78.85,False,False,True,2050.1,1,78.85,26.0,78.85,676.0,2050.1,6217.322499999999,Young,1
292,1,1,19.0,1,0,91.0792,False,False,False,1730.5048,2,45.5396,19.0,91.0792,361.0,1730.5048,8295.42067264,Young,1
293,0,2,36.0,0,0,12.875,True,False,False,463.5,1,12.875,36.0,12.875,1296.0,463.5,165.765625,Adult,2
294,0,3,24.0,0,0,8.85,False,False,True,212.39999999999998,1,8.85,24.0,8.85,576.0,212.39999999999998,78.32249999999999,Young,1
295,0,3,24.0,0,0,7.8958,True,False,True,189.4992,1,7.8958,24.0,7.8958,576.0,189.4992,62.34365764,Young,1
296,0,1,28.0,0,0,27.7208,True,False,False,776.1824,1,27.7208,28.0,27.7208,784.0,776.1824,768.44275264,Young,1
297,0,3,23.5,0,0,7.2292,True,False,False,169.8862,1,7.2292,23.5,7.2292,552.25,169.8862,52.26133263999999,Young,1
298,0,1,2.0,1,2,151.55,False,False,True,303.1,4,37.8875,2.0,151.55,4.0,303.1,22967.402500000004,Teen,0
299,1,1,28.0,0,0,30.5,True,False,True,854.0,1,30.5,28.0,30.5,784.0,854.0,930.25,Young,1
300,1,1,50.0,0,1,247.5208,False,False,False,12376.04,2,123.7604,50.0,247.5208,2500.0,12376.04,61266.54643264,Adult,2
301,1,3,28.0,0,0,7.75,False,True,False,217.0,1,7.75,28.0,7.75,784.0,217.0,60.0625,Young,1
302,1,3,28.0,2,0,23.25,True,True,False,651.0,3,7.75,28.0,23.25,784.0,651.0,540.5625,Young,1
303,0,3,19.0,0,0,0.0,True,False,True,0.0,1,0.0,19.0,0.0,361.0,0.0,0.0,Young,1
304,1,2,28.0,0,0,12.35,False,True,False,345.8,1,12.35,28.0,12.35,784.0,345.8,152.52249999999998,Young,1
305,0,3,28.0,0,0,8.05,True,False,True,225.40000000000003,1,8.05,28.0,8.05,784.0,225.40000000000003,64.80250000000001,Young,1
306,1,1,0.92,1,2,151.55,True,False,True,139.42600000000002,4,37.8875,0.92,151.55,0.8464,139.42600000000002,22967.402500000004,Teen,0
307,1,1,28.0,0,0,110.8833,False,False,False,3104.7324000000003,1,110.8833,28.0,110.8833,784.0,3104.7324000000003,12295.106218890001,Young,1
308,1,1,17.0,1,0,108.9,False,False,False,1851.3000000000002,2,54.45,17.0,108.9,289.0,1851.3000000000002,11859.210000000001,Teen,0
309,0,2,30.0,1,0,24.0,True,False,False,720.0,2,12.0,30.0,24.0,900.0,720.0,576.0,Young,1
310,1,1,30.0,0,0,56.9292,False,False,False,1707.876,1,56.9292,30.0,56.9292,900.0,1707.876,3240.9338126400003,Young,1
311,1,1,24.0,0,0,83.1583,False,False,False,1995.7992,1,83.1583,24.0,83.1583,576.0,1995.7992,6915.30285889,Young,1
312,1,1,18.0,2,2,262.375,False,False,False,4722.75,5,52.475,18.0,262.375,324.0,4722.75,68840.640625,Teen,0
313,0,2,26.0,1,1,26.0,False,False,True,676.0,3,8.666666666666666,26.0,26.0,676.0,676.0,676.0,Young,1
314,0,3,28.0,0,0,7.8958,True,False,True,221.0824,1,7.8958,28.0,7.8958,784.0,221.0824,62.34365764,Young,1
315,0,2,43.0,1,1,26.25,True,False,True,1128.75,3,8.75,43.0,26.25,1849.0,1128.75,689.0625,Adult,2
316,1,3,26.0,0,0,7.8542,False,False,True,204.20919999999998,1,7.8542,26.0,7.8542,676.0,204.20919999999998,61.688457639999996,Young,1
317,1,2,24.0,1,0,26.0,False,False,True,624.0,2,13.0,24.0,26.0,576.0,624.0,676.0,Young,1
318,0,2,54.0,0,0,14.0,True,False,True,756.0,1,14.0,54.0,14.0,2916.0,756.0,196.0,Adult,2
319,1,1,31.0,0,2,164.8667,False,False,True,5110.867700000001,3,54.95556666666667,31.0,164.8667,961.0,5110.867700000001,27181.028768890003,Young,1
320,1,1,40.0,1,1,134.5,False,False,False,5380.0,3,44.833333333333336,40.0,134.5,1600.0,5380.0,18090.25,Adult,2
321,0,3,22.0,0,0,7.25,True,False,True,159.5,1,7.25,22.0,7.25,484.0,159.5,52.5625,Young,1
322,0,3,27.0,0,0,7.8958,True,False,True,213.1866,1,7.8958,27.0,7.8958,729.0,213.1866,62.34365764,Young,1
323,1,2,30.0,0,0,12.35,False,True,False,370.5,1,12.35,30.0,12.35,900.0,370.5,152.52249999999998,Young,1
324,1,2,22.0,1,1,29.0,False,False,True,638.0,3,9.666666666666666,22.0,29.0,484.0,638.0,841.0,Young,1
325,0,3,28.0,8,2,69.55,True,False,True,1947.3999999999999,11,6.322727272727272,28.0,69.55,784.0,1947.3999999999999,4837.202499999999,Young,1
326,1,1,36.0,0,0,135.6333,False,False,False,4882.7988,1,135.6333,36.0,135.6333,1296.0,4882.7988,18396.392068889996,Adult,2
327,0,3,61.0,0,0,6.2375,True,False,True,380.4875,1,6.2375,61.0,6.2375,3721.0,380.4875,38.906406249999996,Senior,3
328,1,2,36.0,0,0,13.0,False,False,True,468.0,1,13.0,36.0,13.0,1296.0,468.0,169.0,Adult,2
329,1,3,31.0,1,1,20.525,False,False,True,636.275,3,6.841666666666666,31.0,20.525,961.0,636.275,421.27562499999993,Young,1
330,1,1,16.0,0,1,57.9792,False,False,False,927.6672,2,28.9896,16.0,57.9792,256.0,927.6672,3361.58763264,Teen,0
331,1,3,28.0,2,0,23.25,False,True,False,651.0,3,7.75,28.0,23.25,784.0,651.0,540.5625,Young,1
332,0,1,45.5,0,0,28.5,True,False,True,1296.75,1,28.5,45.5,28.5,2070.25,1296.75,812.25,Adult,2
333,0,1,38.0,0,1,153.4625,True,False,True,5831.575,2,76.73125,38.0,153.4625,1444.0,5831.575,23550.73890625,Adult,2
334,0,3,16.0,2,0,18.0,True,False,True,288.0,3,6.0,16.0,18.0,256.0,288.0,324.0,Teen,0
335,1,1,28.0,1,0,133.65,False,False,True,3742.2000000000003,2,66.825,28.0,133.65,784.0,3742.2000000000003,17862.322500000002,Young,1
336,0,3,28.0,0,0,7.8958,True,False,True,221.0824,1,7.8958,28.0,7.8958,784.0,221.0824,62.34365764,Young,1
337,0,1,29.0,1,0,66.6,True,False,True,1931.3999999999999,2,33.3,29.0,66.6,841.0,1931.3999999999999,4435.5599999999995,Young,1
338,1,1,41.0,0,0,134.5,False,False,False,5514.5,1,134.5,41.0,134.5,1681.0,5514.5,18090.25,Adult,2
339,1,3,45.0,0,0,8.05,True,False,True,362.25000000000006,1,8.05,45.0,8.05,2025.0,362.25000000000006,64.80250000000001,Adult,2
340,0,1,45.0,0,0,35.5,True,False,True,1597.5,1,35.5,45.0,35.5,2025.0,1597.5,1260.25,Adult,2
341,1,2,2.0,1,1,26.0,True,False,True,52.0,3,8.666666666666666,2.0,26.0,4.0,52.0,676.0,Teen,0
342,1,1,24.0,3,2,263.0,False,False,True,6312.0,6,43.833333333333336,24.0,263.0,576.0,6312.0,69169.0,Young,1
343,0,2,28.0,0,0,13.0,True,False,True,364.0,1,13.0,28.0,13.0,784.0,364.0,169.0,Young,1
344,0,2,25.0,0,0,13.0,True,False,True,325.0,1,13.0,25.0,13.0,625.0,325.0,169.0,Young,1
345,0,2,36.0,0,0,13.0,True,False,True,468.0,1,13.0,36.0,13.0,1296.0,468.0,169.0,Adult,2
346,1,2,24.0,0,0,13.0,False,False,True,312.0,1,13.0,24.0,13.0,576.0,312.0,169.0,Young,1
347,1,2,40.0,0,0,13.0,False,False,True,520.0,1,13.0,40.0,13.0,1600.0,520.0,169.0,Adult,2
348,1,3,28.0,1,0,16.1,False,False,True,450.80000000000007,2,8.05,28.0,16.1,784.0,450.80000000000007,259.21000000000004,Young,1
349,1,3,3.0,1,1,15.9,True,False,True,47.7,3,5.3,3.0,15.9,9.0,47.7,252.81,Teen,0
350,0,3,42.0,0,0,8.6625,True,False,True,363.825,1,8.6625,42.0,8.6625,1764.0,363.825,75.03890625,Adult,2
351,0,3,23.0,0,0,9.225,True,False,True,212.17499999999998,1,9.225,23.0,9.225,529.0,212.17499999999998,85.100625,Young,1
352,0,1,28.0,0,0,35.0,True,False,True,980.0,1,35.0,28.0,35.0,784.0,980.0,1225.0,Young,1
353,0,3,15.0,1,1,7.2292,True,False,False,108.43799999999999,3,2.409733333333333,15.0,7.2292,225.0,108.43799999999999,52.26133263999999,Teen,0
354,0,3,25.0,1,0,17.8,True,False,True,445.0,2,8.9,25.0,17.8,625.0,445.0,316.84000000000003,Young,1
355,0,3,28.0,0,0,7.225,True,False,False,202.29999999999998,1,7.225,28.0,7.225,784.0,202.29999999999998,52.200624999999995,Young,1
356,0,3,28.0,0,0,9.5,True,False,True,266.0,1,9.5,28.0,9.5,784.0,266.0,90.25,Young,1
357,1,1,22.0,0,1,55.0,False,False,True,1210.0,2,27.5,22.0,55.0,484.0,1210.0,3025.0,Young,1
358,0,2,38.0,0,0,13.0,False,False,True,494.0,1,13.0,38.0,13.0,1444.0,494.0,169.0,Adult,2
359,1,3,28.0,0,0,7.8792,False,True,False,220.6176,1,7.8792,28.0,7.8792,784.0,220.6176,62.081792639999996,Young,1
360,1,3,28.0,0,0,7.8792,False,True,False,220.6176,1,7.8792,28.0,7.8792,784.0,220.6176,62.081792639999996,Young,1
361,0,3,40.0,1,4,27.9,True,False,True,1116.0,6,4.6499999999999995,40.0,27.9,1600.0,1116.0,778.41,Adult,2
362,0,2,29.0,1,0,27.7208,True,False,False,803.9032,2,13.8604,29.0,27.7208,841.0,803.9032,768.44275264,Young,1
363,0,3,45.0,0,1,14.4542,False,False,False,650.439,2,7.2271,45.0,14.4542,2025.0,650.439,208.92389764,Adult,2
364,0,3,35.0,0,0,7.05,True,False,True,246.75,1,7.05,35.0,7.05,1225.0,246.75,49.7025,Young,1
365,0,3,28.0,1,0,15.5,True,True,False,434.0,2,7.75,28.0,15.5,784.0,434.0,240.25,Young,1
366,0,3,30.0,0,0,7.25,True,False,True,217.5,1,7.25,30.0,7.25,900.0,217.5,52.5625,Young,1
367,1,1,60.0,1,0,75.25,False,False,False,4515.0,2,37.625,60.0,75.25,3600.0,4515.0,5662.5625,Adult,2
368,1,3,28.0,0,0,7.2292,False,False,False,202.4176,1,7.2292,28.0,7.2292,784.0,202.4176,52.26133263999999,Young,1
369,1,3,28.0,0,0,7.75,False,True,False,217.0,1,7.75,28.0,7.75,784.0,217.0,60.0625,Young,1
370,1,1,24.0,0,0,69.3,False,False,False,1663.1999999999998,1,69.3,24.0,69.3,576.0,1663.1999999999998,4802.49,Young,1
371,1,1,25.0,1,0,55.4417,True,False,False,1386.0425,2,27.72085,25.0,55.4417,625.0,1386.0425,3073.78209889,Young,1
372,0,3,18.0,1,0,6.4958,True,False,True,116.9244,2,3.2479,18.0,6.4958,324.0,116.9244,42.19541764,Teen,0
373,0,3,19.0,0,0,8.05,True,False,True,152.95000000000002,1,8.05,19.0,8.05,361.0,152.95000000000002,64.80250000000001,Young,1
374,0,1,22.0,0,0,135.6333,True,False,False,2983.9325999999996,1,135.6333,22.0,135.6333,484.0,2983.9325999999996,18396.392068889996,Young,1
375,0,3,3.0,3,1,21.075,False,False,True,63.224999999999994,5,4.215,3.0,21.075,9.0,63.224999999999994,444.155625,Teen,0
376,1,1,28.0,1,0,82.1708,False,False,False,2300.7824,2,41.0854,28.0,82.1708,784.0,2300.7824,6752.04037264,Young,1
377,1,3,22.0,0,0,7.25,False,False,True,159.5,1,7.25,22.0,7.25,484.0,159.5,52.5625,Young,1
378,0,1,27.0,0,2,211.5,True,False,False,5710.5,3,70.5,27.0,211.5,729.0,5710.5,44732.25,Young,1
379,0,3,20.0,0,0,4.0125,True,False,False,80.25,1,4.0125,20.0,4.0125,400.0,80.25,16.10015625,Young,1
380,0,3,19.0,0,0,7.775,True,False,True,147.725,1,7.775,19.0,7.775,361.0,147.725,60.450625,Young,1
381,1,1,42.0,0,0,227.525,False,False,False,9556.050000000001,1,227.525,42.0,227.525,1764.0,9556.050000000001,51767.625625,Adult,2
382,1,3,1.0,0,2,15.7417,False,False,False,15.7417,3,5.247233333333333,1.0,15.7417,1.0,15.7417,247.80111889,Teen,0
383,0,3,32.0,0,0,7.925,True,False,True,253.6,1,7.925,32.0,7.925,1024.0,253.6,62.805625,Young,1
384,1,1,35.0,1,0,52.0,False,False,True,1820.0,2,26.0,35.0,52.0,1225.0,1820.0,2704.0,Young,1
385,0,3,28.0,0,0,7.8958,True,False,True,221.0824,1,7.8958,28.0,7.8958,784.0,221.0824,62.34365764,Young,1
386,0,2,18.0,0,0,73.5,True,False,True,1323.0,1,73.5,18.0,73.5,324.0,1323.0,5402.25,Teen,0
387,0,3,1.0,5,2,46.9,True,False,True,46.9,8,5.8625,1.0,46.9,1.0,46.9,2199.6099999999997,Teen,0
388,1,2,36.0,0,0,13.0,False,False,True,468.0,1,13.0,36.0,13.0,1296.0,468.0,169.0,Adult,2
389,0,3,28.0,0,0,7.7292,True,True,False,216.4176,1,7.7292,28.0,7.7292,784.0,216.4176,59.74053263999999,Young,1
390,1,2,17.0,0,0,12.0,False,False,False,204.0,1,12.0,17.0,12.0,289.0,204.0,144.0,Teen,0
391,1,1,36.0,1,2,120.0,True,False,True,4320.0,4,30.0,36.0,120.0,1296.0,4320.0,14400.0,Adult,2
392,1,3,21.0,0,0,7.7958,True,False,True,163.71179999999998,1,7.7958,21.0,7.7958,441.0,163.71179999999998,60.77449764,Young,1
393,0,3,28.0,2,0,7.925,True,False,True,221.9,3,2.6416666666666666,28.0,7.925,784.0,221.9,62.805625,Young,1
394,1,1,23.0,1,0,113.275,False,False,False,2605.3250000000003,2,56.6375,23.0,113.275,529.0,2605.3250000000003,12831.225625000001,Young,1
395,1,3,24.0,0,2,16.7,False,False,True,400.79999999999995,3,5.566666666666666,24.0,16.7,576.0,400.79999999999995,278.89,Young,1
396,0,3,22.0,0,0,7.7958,True,False,True,171.5076,1,7.7958,22.0,7.7958,484.0,171.5076,60.77449764,Young,1
397,0,3,31.0,0,0,7.8542,False,False,True,243.4802,1,7.8542,31.0,7.8542,961.0,243.4802,61.688457639999996,Young,1
398,0,2,46.0,0,0,26.0,True,False,True,1196.0,1,26.0,46.0,26.0,2116.0,1196.0,676.0,Adult,2
399,0,2,23.0,0,0,10.5,True,False,True,241.5,1,10.5,23.0,10.5,529.0,241.5,110.25,Young,1
400,1,2,28.0,0,0,12.65,False,False,True,354.2,1,12.65,28.0,12.65,784.0,354.2,160.0225,Young,1
401,1,3,39.0,0,0,7.925,True,False,True,309.075,1,7.925,39.0,7.925,1521.0,309.075,62.805625,Adult,2
402,0,3,26.0,0,0,8.05,True,False,True,209.3,1,8.05,26.0,8.05,676.0,209.3,64.80250000000001,Young,1
403,0,3,21.0,1,0,9.825,False,False,True,206.325,2,4.9125,21.0,9.825,441.0,206.325,96.53062499999999,Young,1
404,0,3,28.0,1,0,15.85,True,False,True,443.8,2,7.925,28.0,15.85,784.0,443.8,251.2225,Young,1
405,0,3,20.0,0,0,8.6625,False,False,True,173.25,1,8.6625,20.0,8.6625,400.0,173.25,75.03890625,Young,1
406,0,2,34.0,1,0,21.0,True,False,True,714.0,2,10.5,34.0,21.0,1156.0,714.0,441.0,Young,1
407,0,3,51.0,0,0,7.75,True,False,True,395.25,1,7.75,51.0,7.75,2601.0,395.25,60.0625,Adult,2
408,1,2,3.0,1,1,18.75,True,False,True,56.25,3,6.25,3.0,18.75,9.0,56.25,351.5625,Teen,0
409,0,3,21.0,0,0,7.775,True,False,True,163.275,1,7.775,21.0,7.775,441.0,163.275,60.450625,Young,1
410,0,3,28.0,3,1,25.4667,False,False,True,713.0676,5,5.0933399999999995,28.0,25.4667,784.0,713.0676,648.5528088899999,Young,1
411,0,3,28.0,0,0,7.8958,True,False,True,221.0824,1,7.8958,28.0,7.8958,784.0,221.0824,62.34365764,Young,1
412,0,3,28.0,0,0,6.8583,True,True,False,192.0324,1,6.8583,28.0,6.8583,784.0,192.0324,47.03627889,Young,1
413,1,1,33.0,1,0,90.0,False,True,False,2970.0,2,45.0,33.0,90.0,1089.0,2970.0,8100.0,Young,1
414,0,2,28.0,0,0,0.0,True,False,True,0.0,1,0.0,28.0,0.0,784.0,0.0,0.0,Young,1
415,1,3,44.0,0,0,7.925,True,False,True,348.7,1,7.925,44.0,7.925,1936.0,348.7,62.805625,Adult,2
416,0,3,28.0,0,0,8.05,False,False,True,225.40000000000003,1,8.05,28.0,8.05,784.0,225.40000000000003,64.80250000000001,Young,1
417,1,2,34.0,1,1,32.5,False,False,True,1105.0,3,10.833333333333334,34.0,32.5,1156.0,1105.0,1056.25,Young,1
418,1,2,18.0,0,2,13.0,False,False,True,234.0,3,4.333333333333333,18.0,13.0,324.0,234.0,169.0,Teen,0
419,0,2,30.0,0,0,13.0,True,False,True,390.0,1,13.0,30.0,13.0,900.0,390.0,169.0,Young,1
420,0,3,10.0,0,2,24.15,False,False,True,241.5,3,8.049999999999999,10.0,24.15,100.0,241.5,583.2225,Teen,0
421,0,3,28.0,0,0,7.8958,True,False,False,221.0824,1,7.8958,28.0,7.8958,784.0,221.0824,62.34365764,Young,1
422,0,3,21.0,0,0,7.7333,True,True,False,162.39929999999998,1,7.7333,21.0,7.7333,441.0,162.39929999999998,59.803928889999995,Young,1
423,0,3,29.0,0,0,7.875,True,False,True,228.375,1,7.875,29.0,7.875,841.0,228.375,62.015625,Young,1
424,0,3,28.0,1,1,14.4,False,False,True,403.2,3,4.8,28.0,14.4,784.0,403.2,207.36,Young,1
425,0,3,18.0,1,1,20.2125,True,False,True,363.825,3,6.7375,18.0,20.2125,324.0,363.825,408.54515624999993,Teen,0
426,0,3,28.0,0,0,7.25,True,False,True,203.0,1,7.25,28.0,7.25,784.0,203.0,52.5625,Young,1
427,1,2,28.0,1,0,26.0,False,False,True,728.0,2,13.0,28.0,26.0,784.0,728.0,676.0,Young,1
428,1,2,19.0,0,0,26.0,False,False,True,494.0,1,26.0,19.0,26.0,361.0,494.0,676.0,Young,1
429,0,3,28.0,0,0,7.75,True,True,False,217.0,1,7.75,28.0,7.75,784.0,217.0,60.0625,Young,1
430,1,3,32.0,0,0,8.05,True,False,True,257.6,1,8.05,32.0,8.05,1024.0,257.6,64.80250000000001,Young,1
431,1,1,28.0,0,0,26.55,True,False,True,743.4,1,26.55,28.0,26.55,784.0,743.4,704.9025,Young,1
432,1,3,28.0,1,0,16.1,False,False,True,450.80000000000007,2,8.05,28.0,16.1,784.0,450.80000000000007,259.21000000000004,Young,1
433,1,2,42.0,1,0,26.0,False,False,True,1092.0,2,13.0,42.0,26.0,1764.0,1092.0,676.0,Adult,2
434,0,3,17.0,0,0,7.125,True,False,True,121.125,1,7.125,17.0,7.125,289.0,121.125,50.765625,Teen,0
435,0,1,50.0,1,0,55.9,True,False,True,2795.0,2,27.95,50.0,55.9,2500.0,2795.0,3124.81,Adult,2
436,1,1,14.0,1,2,120.0,False,False,True,1680.0,4,30.0,14.0,120.0,196.0,1680.0,14400.0,Teen,0
437,0,3,21.0,2,2,34.375,False,False,True,721.875,5,6.875,21.0,34.375,441.0,721.875,1181.640625,Young,1
438,1,2,24.0,2,3,18.75,False,False,True,450.0,6,3.125,24.0,18.75,576.0,450.0,351.5625,Young,1
439,0,1,64.0,1,4,263.0,True,False,True,16832.0,6,43.833333333333336,64.0,263.0,4096.0,16832.0,69169.0,Senior,3
440,0,2,31.0,0,0,10.5,True,False,True,325.5,1,10.5,31.0,10.5,961.0,325.5,110.25,Young,1
441,1,2,45.0,1,1,26.25,False,False,True,1181.25,3,8.75,45.0,26.25,2025.0,1181.25,689.0625,Adult,2
442,0,3,20.0,0,0,9.5,True,False,True,190.0,1,9.5,20.0,9.5,400.0,190.0,90.25,Young,1
443,0,3,25.0,1,0,7.775,True,False,True,194.375,2,3.8875,25.0,7.775,625.0,194.375,60.450625,Young,1
444,1,2,28.0,0,0,13.0,False,False,True,364.0,1,13.0,28.0,13.0,784.0,364.0,169.0,Young,1
445,1,3,28.0,0,0,8.1125,True,False,True,227.15000000000003,1,8.1125,28.0,8.1125,784.0,227.15000000000003,65.81265625000002,Young,1
446,1,1,4.0,0,2,81.8583,True,False,True,327.4332,3,27.2861,4.0,81.8583,16.0,327.4332,6700.78127889,Teen,0
447,1,2,13.0,0,1,19.5,False,False,True,253.5,2,9.75,13.0,19.5,169.0,253.5,380.25,Teen,0
448,1,1,34.0,0,0,26.55,True,False,True,902.7,1,26.55,34.0,26.55,1156.0,902.7,704.9025,Young,1
449,1,3,5.0,2,1,19.2583,False,False,False,96.29149999999998,4,4.814575,5.0,19.2583,25.0,96.29149999999998,370.88211888999996,Teen,0
450,1,1,52.0,0,0,30.5,True,False,True,1586.0,1,30.5,52.0,30.5,2704.0,1586.0,930.25,Adult,2
451,0,2,36.0,1,2,27.75,True,False,True,999.0,4,6.9375,36.0,27.75,1296.0,999.0,770.0625,Adult,2
452,0,3,28.0,1,0,19.9667,True,False,True,559.0676,2,9.98335,28.0,19.9667,784.0,559.0676,398.66910888999996,Young,1
453,0,1,30.0,0,0,27.75,True,False,False,832.5,1,27.75,30.0,27.75,900.0,832.5,770.0625,Young,1
454,1,1,49.0,1,0,89.1042,True,False,False,4366.1058,2,44.5521,49.0,89.1042,2401.0,4366.1058,7939.558457640001,Adult,2
455,0,3,28.0,0,0,8.05,True,False,True,225.40000000000003,1,8.05,28.0,8.05,784.0,225.40000000000003,64.80250000000001,Young,1
456,1,3,29.0,0,0,7.8958,True,False,False,228.97820000000002,1,7.8958,29.0,7.8958,841.0,228.97820000000002,62.34365764,Young,1
457,0,1,65.0,0,0,26.55,True,False,True,1725.75,1,26.55,65.0,26.55,4225.0,1725.75,704.9025,Senior,3
458,1,1,28.0,1,0,51.8625,False,False,True,1452.1499999999999,2,25.93125,28.0,51.8625,784.0,1452.1499999999999,2689.7189062499997,Young,1
459,1,2,50.0,0,0,10.5,False,False,True,525.0,1,10.5,50.0,10.5,2500.0,525.0,110.25,Adult,2
460,0,3,28.0,0,0,7.75,True,True,False,217.0,1,7.75,28.0,7.75,784.0,217.0,60.0625,Young,1
461,1,1,48.0,0,0,26.55,True,False,True,1274.4,1,26.55,48.0,26.55,2304.0,1274.4,704.9025,Adult,2
462,0,3,34.0,0,0,8.05,True,False,True,273.70000000000005,1,8.05,34.0,8.05,1156.0,273.70000000000005,64.80250000000001,Young,1
463,0,1,47.0,0,0,38.5,True,False,True,1809.5,1,38.5,47.0,38.5,2209.0,1809.5,1482.25,Adult,2
464,0,2,48.0,0,0,13.0,True,False,True,624.0,1,13.0,48.0,13.0,2304.0,624.0,169.0,Adult,2
465,0,3,28.0,0,0,8.05,True,False,True,225.40000000000003,1,8.05,28.0,8.05,784.0,225.40000000000003,64.80250000000001,Young,1
466,0,3,38.0,0,0,7.05,True,False,True,267.9,1,7.05,38.0,7.05,1444.0,267.9,49.7025,Adult,2
467,0,2,28.0,0,0,0.0,True,False,True,0.0,1,0.0,28.0,0.0,784.0,0.0,0.0,Young,1
468,0,1,56.0,0,0,26.55,True,False,True,1486.8,1,26.55,56.0,26.55,3136.0,1486.8,704.9025,Adult,2
469,0,3,28.0,0,0,7.725,True,True,False,216.29999999999998,1,7.725,28.0,7.725,784.0,216.29999999999998,59.675625,Young,1
470,1,3,0.75,2,1,19.2583,False,False,False,14.443724999999999,4,4.814575,0.75,19.2583,0.5625,14.443724999999999,370.88211888999996,Teen,0
471,0,3,28.0,0,0,7.25,True,False,True,203.0,1,7.25,28.0,7.25,784.0,203.0,52.5625,Young,1
472,0,3,38.0,0,0,8.6625,True,False,True,329.175,1,8.6625,38.0,8.6625,1444.0,329.175,75.03890625,Adult,2
473,1,2,33.0,1,2,27.75,False,False,True,915.75,4,6.9375,33.0,27.75,1089.0,915.75,770.0625,Young,1
474,1,2,23.0,0,0,13.7917,False,False,False,317.20910000000003,1,13.7917,23.0,13.7917,529.0,317.20910000000003,190.21098889,Young,1
475,0,3,22.0,0,0,9.8375,False,False,True,216.425,1,9.8375,22.0,9.8375,484.0,216.425,96.77640625000001,Young,1
476,0,1,28.0,0,0,52.0,True,False,True,1456.0,1,52.0,28.0,52.0,784.0,1456.0,2704.0,Young,1
477,0,2,34.0,1,0,21.0,True,False,True,714.0,2,10.5,34.0,21.0,1156.0,714.0,441.0,Young,1
478,0,3,29.0,1,0,7.0458,True,False,True,204.32819999999998,2,3.5229,29.0,7.0458,841.0,204.32819999999998,49.64329764,Young,1
479,0,3,22.0,0,0,7.5208,True,False,True,165.4576,1,7.5208,22.0,7.5208,484.0,165.4576,56.562432640000004,Young,1
480,1,3,2.0,0,1,12.2875,False,False,True,24.575,2,6.14375,2.0,12.2875,4.0,24.575,150.98265625,Teen,0
481,0,3,9.0,5,2,46.9,True,False,True,422.09999999999997,8,5.8625,9.0,46.9,81.0,422.09999999999997,2199.6099999999997,Teen,0
482,0,2,28.0,0,0,0.0,True,False,True,0.0,1,0.0,28.0,0.0,784.0,0.0,0.0,Young,1
483,0,3,50.0,0,0,8.05,True,False,True,402.50000000000006,1,8.05,50.0,8.05,2500.0,402.50000000000006,64.80250000000001,Adult,2
484,1,3,63.0,0,0,9.5875,False,False,True,604.0125,1,9.5875,63.0,9.5875,3969.0,604.0125,91.92015625,Senior,3
485,1,1,25.0,1,0,91.0792,True,False,False,2276.98,2,45.5396,25.0,91.0792,625.0,2276.98,8295.42067264,Young,1
486,0,3,28.0,3,1,25.4667,False,False,True,713.0676,5,5.0933399999999995,28.0,25.4667,784.0,713.0676,648.5528088899999,Young,1
487,1,1,35.0,1,0,90.0,False,False,True,3150.0,2,45.0,35.0,90.0,1225.0,3150.0,8100.0,Young,1
488,0,1,58.0,0,0,29.7,True,False,False,1722.6,1,29.7,58.0,29.7,3364.0,1722.6,882.0899999999999,Adult,2
489,0,3,30.0,0,0,8.05,True,False,True,241.50000000000003,1,8.05,30.0,8.05,900.0,241.50000000000003,64.80250000000001,Young,1
490,1,3,9.0,1,1,15.9,True,False,True,143.1,3,5.3,9.0,15.9,81.0,143.1,252.81,Teen,0
491,0,3,28.0,1,0,19.9667,True,False,True,559.0676,2,9.98335,28.0,19.9667,784.0,559.0676,398.66910888999996,Young,1
492,0,3,21.0,0,0,7.25,True,False,True,152.25,1,7.25,21.0,7.25,441.0,152.25,52.5625,Young,1
493,0,1,55.0,0,0,30.5,True,False,True,1677.5,1,30.5,55.0,30.5,3025.0,1677.5,930.25,Adult,2
494,0,1,71.0,0,0,49.5042,True,False,False,3514.7981999999997,1,49.5042,71.0,49.5042,5041.0,3514.7981999999997,2450.6658176399997,Senior,3
495,0,3,21.0,0,0,8.05,True,False,True,169.05,1,8.05,21.0,8.05,441.0,169.05,64.80250000000001,Young,1
496,0,3,28.0,0,0,14.4583,True,False,False,404.8324,1,14.4583,28.0,14.4583,784.0,404.8324,209.04243888999997,Young,1
497,1,1,54.0,1,0,78.2667,False,False,False,4226.4018,2,39.13335,54.0,78.2667,2916.0,4226.4018,6125.67632889,Adult,2
498,0,3,28.0,0,0,15.1,True,False,True,422.8,1,15.1,28.0,15.1,784.0,422.8,228.01,Young,1
499,0,1,25.0,1,2,151.55,False,False,True,3788.7500000000005,4,37.8875,25.0,151.55,625.0,3788.7500000000005,22967.402500000004,Young,1
500,0,3,24.0,0,0,7.7958,True,False,True,187.0992,1,7.7958,24.0,7.7958,576.0,187.0992,60.77449764,Young,1
501,0,3,17.0,0,0,8.6625,True,False,True,147.2625,1,8.6625,17.0,8.6625,289.0,147.2625,75.03890625,Teen,0
502,0,3,21.0,0,0,7.75,False,True,False,162.75,1,7.75,21.0,7.75,441.0,162.75,60.0625,Young,1
503,0,3,28.0,0,0,7.6292,False,True,False,213.6176,1,7.6292,28.0,7.6292,784.0,213.6176,58.20469264,Young,1
504,0,3,37.0,0,0,9.5875,False,False,True,354.7375,1,9.5875,37.0,9.5875,1369.0,354.7375,91.92015625,Adult,2
505,1,1,16.0,0,0,86.5,False,False,True,1384.0,1,86.5,16.0,86.5,256.0,1384.0,7482.25,Teen,0
506,0,1,18.0,1,0,108.9,True,False,False,1960.2,2,54.45,18.0,108.9,324.0,1960.2,11859.210000000001,Teen,0
507,1,2,33.0,0,2,26.0,False,False,True,858.0,3,8.666666666666666,33.0,26.0,1089.0,858.0,676.0,Young,1
508,1,1,28.0,0,0,26.55,True,False,True,743.4,1,26.55,28.0,26.55,784.0,743.4,704.9025,Young,1
509,0,3,28.0,0,0,22.525,True,False,True,630.6999999999999,1,22.525,28.0,22.525,784.0,630.6999999999999,507.37562499999996,Young,1
510,1,3,26.0,0,0,56.4958,True,False,True,1468.8908000000001,1,56.4958,26.0,56.4958,676.0,1468.8908000000001,3191.7754176400003,Young,1
511,1,3,29.0,0,0,7.75,True,True,False,224.75,1,7.75,29.0,7.75,841.0,224.75,60.0625,Young,1
512,0,3,28.0,0,0,8.05,True,False,True,225.40000000000003,1,8.05,28.0,8.05,784.0,225.40000000000003,64.80250000000001,Young,1
513,1,1,36.0,0,0,26.2875,True,False,True,946.35,1,26.2875,36.0,26.2875,1296.0,946.35,691.0326562500001,Adult,2
514,1,1,54.0,1,0,59.4,False,False,False,3207.6,2,29.7,54.0,59.4,2916.0,3207.6,3528.3599999999997,Adult,2
515,0,3,24.0,0,0,7.4958,True,False,True,179.8992,1,7.4958,24.0,7.4958,576.0,179.8992,56.18701764,Young,1
516,0,1,47.0,0,0,34.0208,True,False,True,1598.9776000000002,1,34.0208,47.0,34.0208,2209.0,1598.9776000000002,1157.41483264,Adult,2
517,1,2,34.0,0,0,10.5,False,False,True,357.0,1,10.5,34.0,10.5,1156.0,357.0,110.25,Young,1
518,0,3,28.0,0,0,24.15,True,True,False,676.1999999999999,1,24.15,28.0,24.15,784.0,676.1999999999999,583.2225,Young,1
519,1,2,36.0,1,0,26.0,False,False,True,936.0,2,13.0,36.0,26.0,1296.0,936.0,676.0,Adult,2
520,0,3,32.0,0,0,7.8958,True,False,True,252.6656,1,7.8958,32.0,7.8958,1024.0,252.6656,62.34365764,Young,1
521,1,1,30.0,0,0,93.5,False,False,True,2805.0,1,93.5,30.0,93.5,900.0,2805.0,8742.25,Young,1
522,0,3,22.0,0,0,7.8958,True,False,True,173.7076,1,7.8958,22.0,7.8958,484.0,173.7076,62.34365764,Young,1
523,0,3,28.0,0,0,7.225,True,False,False,202.29999999999998,1,7.225,28.0,7.225,784.0,202.29999999999998,52.200624999999995,Young,1
524,1,1,44.0,0,1,57.9792,False,False,False,2551.0848,2,28.9896,44.0,57.9792,1936.0,2551.0848,3361.58763264,Adult,2
525,0,3,28.0,0,0,7.2292,True,False,False,202.4176,1,7.2292,28.0,7.2292,784.0,202.4176,52.26133263999999,Young,1
526,0,3,40.5,0,0,7.75,True,True,False,313.875,1,7.75,40.5,7.75,1640.25,313.875,60.0625,Adult,2
527,1,2,50.0,0,0,10.5,False,False,True,525.0,1,10.5,50.0,10.5,2500.0,525.0,110.25,Adult,2
528,0,1,28.0,0,0,221.7792,True,False,True,6209.8176,1,221.7792,28.0,221.7792,784.0,6209.8176,49186.013552640004,Young,1
529,0,3,39.0,0,0,7.925,True,False,True,309.075,1,7.925,39.0,7.925,1521.0,309.075,62.805625,Adult,2
530,0,2,23.0,2,1,11.5,True,False,True,264.5,4,2.875,23.0,11.5,529.0,264.5,132.25,Young,1
531,1,2,2.0,1,1,26.0,False,False,True,52.0,3,8.666666666666666,2.0,26.0,4.0,52.0,676.0,Teen,0
532,0,3,28.0,0,0,7.2292,True,False,False,202.4176,1,7.2292,28.0,7.2292,784.0,202.4176,52.26133263999999,Young,1
533,0,3,17.0,1,1,7.2292,True,False,False,122.8964,3,2.409733333333333,17.0,7.2292,289.0,122.8964,52.26133263999999,Teen,0
534,1,3,28.0,0,2,22.3583,False,False,False,626.0324,3,7.452766666666666,28.0,22.3583,784.0,626.0324,499.89357889,Young,1
535,0,3,30.0,0,0,8.6625,False,False,True,259.875,1,8.6625,30.0,8.6625,900.0,259.875,75.03890625,Young,1
536,1,2,7.0,0,2,26.25,False,False,True,183.75,3,8.75,7.0,26.25,49.0,183.75,689.0625,Teen,0
537,0,1,45.0,0,0,26.55,True,False,True,1194.75,1,26.55,45.0,26.55,2025.0,1194.75,704.9025,Adult,2
538,1,1,30.0,0,0,106.425,False,False,False,3192.75,1,106.425,30.0,106.425,900.0,3192.75,11326.280625,Young,1
539,0,3,28.0,0,0,14.5,True,False,True,406.0,1,14.5,28.0,14.5,784.0,406.0,210.25,Young,1
540,1,1,22.0,0,2,49.5,False,False,False,1089.0,3,16.5,22.0,49.5,484.0,1089.0,2450.25,Young,1
541,1,1,36.0,0,2,71.0,False,False,True,2556.0,3,23.666666666666668,36.0,71.0,1296.0,2556.0,5041.0,Adult,2
542,0,3,9.0,4,2,31.275,False,False,True,281.47499999999997,7,4.4678571428571425,9.0,31.275,81.0,281.47499999999997,978.1256249999999,Teen,0
543,0,3,11.0,4,2,31.275,False,False,True,344.025,7,4.4678571428571425,11.0,31.275,121.0,344.025,978.1256249999999,Teen,0
544,1,2,32.0,1,0,26.0,True,False,True,832.0,2,13.0,32.0,26.0,1024.0,832.0,676.0,Young,1
545,0,1,50.0,1,0,106.425,True,False,False,5321.25,2,53.2125,50.0,106.425,2500.0,5321.25,11326.280625,Adult,2
546,0,1,64.0,0,0,26.0,True,False,True,1664.0,1,26.0,64.0,26.0,4096.0,1664.0,676.0,Senior,3
547,1,2,19.0,1,0,26.0,False,False,True,494.0,2,13.0,19.0,26.0,361.0,494.0,676.0,Young,1
548,1,2,28.0,0,0,13.8625,True,False,False,388.15000000000003,1,13.8625,28.0,13.8625,784.0,388.15000000000003,192.16890625000002,Young,1
549,0,3,33.0,1,1,20.525,True,False,True,677.3249999999999,3,6.841666666666666,33.0,20.525,1089.0,677.3249999999999,421.27562499999993,Young,1
550,1,2,8.0,1,1,36.75,True,False,True,294.0,3,12.25,8.0,36.75,64.0,294.0,1350.5625,Teen,0
551,1,1,17.0,0,2,110.8833,True,False,False,1885.0161,3,36.9611,17.0,110.8833,289.0,1885.0161,12295.106218890001,Teen,0
552,0,2,27.0,0,0,26.0,True,False,True,702.0,1,26.0,27.0,26.0,729.0,702.0,676.0,Young,1
553,0,3,28.0,0,0,7.8292,True,True,False,219.2176,1,7.8292,28.0,7.8292,784.0,219.2176,61.29637264,Young,1
554,1,3,22.0,0,0,7.225,True,False,False,158.95,1,7.225,22.0,7.225,484.0,158.95,52.200624999999995,Young,1
555,1,3,22.0,0,0,7.775,False,False,True,171.05,1,7.775,22.0,7.775,484.0,171.05,60.450625,Young,1
556,0,1,62.0,0,0,26.55,True,False,True,1646.1000000000001,1,26.55,62.0,26.55,3844.0,1646.1000000000001,704.9025,Senior,3
557,1,1,48.0,1,0,39.6,False,False,False,1900.8000000000002,2,19.8,48.0,39.6,2304.0,1900.8000000000002,1568.16,Adult,2
558,0,1,28.0,0,0,227.525,True,False,False,6370.7,1,227.525,28.0,227.525,784.0,6370.7,51767.625625,Young,1
559,1,1,39.0,1,1,79.65,False,False,True,3106.3500000000004,3,26.55,39.0,79.65,1521.0,3106.3500000000004,6344.122500000001,Adult,2
560,1,3,36.0,1,0,17.4,False,False,True,626.4,2,8.7,36.0,17.4,1296.0,626.4,302.75999999999993,Adult,2
561,0,3,28.0,0,0,7.75,True,True,False,217.0,1,7.75,28.0,7.75,784.0,217.0,60.0625,Young,1
562,0,3,40.0,0,0,7.8958,True,False,True,315.832,1,7.8958,40.0,7.8958,1600.0,315.832,62.34365764,Adult,2
563,0,2,28.0,0,0,13.5,True,False,True,378.0,1,13.5,28.0,13.5,784.0,378.0,182.25,Young,1
564,0,3,28.0,0,0,8.05,True,False,True,225.40000000000003,1,8.05,28.0,8.05,784.0,225.40000000000003,64.80250000000001,Young,1
565,0,3,28.0,0,0,8.05,False,False,True,225.40000000000003,1,8.05,28.0,8.05,784.0,225.40000000000003,64.80250000000001,Young,1
566,0,3,24.0,2,0,24.15,True,False,True,579.5999999999999,3,8.049999999999999,24.0,24.15,576.0,579.5999999999999,583.2225,Young,1
567,0,3,19.0,0,0,7.8958,True,False,True,150.02020000000002,1,7.8958,19.0,7.8958,361.0,150.02020000000002,62.34365764,Young,1
568,0,3,29.0,0,4,21.075,False,False,True,611.175,5,4.215,29.0,21.075,841.0,611.175,444.155625,Young,1
569,0,3,28.0,0,0,7.2292,True,False,False,202.4176,1,7.2292,28.0,7.2292,784.0,202.4176,52.26133263999999,Young,1
570,1,3,32.0,0,0,7.8542,True,False,True,251.3344,1,7.8542,32.0,7.8542,1024.0,251.3344,61.688457639999996,Young,1
571,1,2,62.0,0,0,10.5,True,False,True,651.0,1,10.5,62.0,10.5,3844.0,651.0,110.25,Senior,3
572,1,1,53.0,2,0,51.4792,False,False,True,2728.3976,3,17.15973333333333,53.0,51.4792,2809.0,2728.3976,2650.1080326399997,Adult,2
573,1,1,36.0,0,0,26.3875,True,False,True,949.9499999999999,1,26.3875,36.0,26.3875,1296.0,949.9499999999999,696.30015625,Adult,2
574,1,3,28.0,0,0,7.75,False,True,False,217.0,1,7.75,28.0,7.75,784.0,217.0,60.0625,Young,1
575,0,3,16.0,0,0,8.05,True,False,True,128.8,1,8.05,16.0,8.05,256.0,128.8,64.80250000000001,Teen,0
576,0,3,19.0,0,0,14.5,True,False,True,275.5,1,14.5,19.0,14.5,361.0,275.5,210.25,Young,1
577,1,2,34.0,0,0,13.0,False,False,True,442.0,1,13.0,34.0,13.0,1156.0,442.0,169.0,Young,1
578,1,1,39.0,1,0,55.9,False,False,True,2180.1,2,27.95,39.0,55.9,1521.0,2180.1,3124.81,Adult,2
579,0,3,28.0,1,0,14.4583,False,False,False,404.8324,2,7.22915,28.0,14.4583,784.0,404.8324,209.04243888999997,Young,1
580,1,3,32.0,0,0,7.925,True,False,True,253.6,1,7.925,32.0,7.925,1024.0,253.6,62.805625,Young,1
581,1,2,25.0,1,1,30.0,False,False,True,750.0,3,10.0,25.0,30.0,625.0,750.0,900.0,Young,1
582,1,1,39.0,1,1,110.8833,False,False,False,4324.4487,3,36.9611,39.0,110.8833,1521.0,4324.4487,12295.106218890001,Adult,2
583,0,2,54.0,0,0,26.0,True,False,True,1404.0,1,26.0,54.0,26.0,2916.0,1404.0,676.0,Adult,2
584,0,1,36.0,0,0,40.125,True,False,False,1444.5,1,40.125,36.0,40.125,1296.0,1444.5,1610.015625,Adult,2
585,0,3,28.0,0,0,8.7125,True,False,False,243.95000000000002,1,8.7125,28.0,8.7125,784.0,243.95000000000002,75.90765625,Young,1
586,1,1,18.0,0,2,79.65,False,False,True,1433.7,3,26.55,18.0,79.65,324.0,1433.7,6344.122500000001,Teen,0
587,0,2,47.0,0,0,15.0,True,False,True,705.0,1,15.0,47.0,15.0,2209.0,705.0,225.0,Adult,2
588,1,1,60.0,1,1,79.2,True,False,False,4752.0,3,26.400000000000002,60.0,79.2,3600.0,4752.0,6272.64,Adult,2
589,0,3,22.0,0,0,8.05,True,False,True,177.10000000000002,1,8.05,22.0,8.05,484.0,177.10000000000002,64.80250000000001,Young,1
590,0,3,28.0,0,0,8.05,True,False,True,225.40000000000003,1,8.05,28.0,8.05,784.0,225.40000000000003,64.80250000000001,Young,1
591,0,3,35.0,0,0,7.125,True,False,True,249.375,1,7.125,35.0,7.125,1225.0,249.375,50.765625,Young,1
592,1,1,52.0,1,0,78.2667,False,False,False,4069.8684,2,39.13335,52.0,78.2667,2704.0,4069.8684,6125.67632889,Adult,2
593,0,3,47.0,0,0,7.25,True,False,True,340.75,1,7.25,47.0,7.25,2209.0,340.75,52.5625,Adult,2
594,0,3,28.0,0,2,7.75,False,True,False,217.0,3,2.5833333333333335,28.0,7.75,784.0,217.0,60.0625,Young,1
595,0,2,37.0,1,0,26.0,True,False,True,962.0,2,13.0,37.0,26.0,1369.0,962.0,676.0,Adult,2
596,0,3,36.0,1,1,24.15,True,False,True,869.4,3,8.049999999999999,36.0,24.15,1296.0,869.4,583.2225,Adult,2
597,1,2,28.0,0,0,33.0,False,False,True,924.0,1,33.0,28.0,33.0,784.0,924.0,1089.0,Young,1
598,0,3,49.0,0,0,0.0,True,False,True,0.0,1,0.0,49.0,0.0,2401.0,0.0,0.0,Adult,2
599,0,3,28.0,0,0,7.225,True,False,False,202.29999999999998,1,7.225,28.0,7.225,784.0,202.29999999999998,52.200624999999995,Young,1
600,1,1,49.0,1,0,56.9292,True,False,False,2789.5308,2,28.4646,49.0,56.9292,2401.0,2789.5308,3240.9338126400003,Adult,2
601,1,2,24.0,2,1,27.0,False,False,True,648.0,4,6.75,24.0,27.0,576.0,648.0,729.0,Young,1
602,0,3,28.0,0,0,7.8958,True,False,True,221.0824,1,7.8958,28.0,7.8958,784.0,221.0824,62.34365764,Young,1
603,0,1,28.0,0,0,42.4,True,False,True,1187.2,1,42.4,28.0,42.4,784.0,1187.2,1797.76,Young,1
604,0,3,44.0,0,0,8.05,True,False,True,354.20000000000005,1,8.05,44.0,8.05,1936.0,354.20000000000005,64.80250000000001,Adult,2
605,1,1,35.0,0,0,26.55,True,False,False,929.25,1,26.55,35.0,26.55,1225.0,929.25,704.9025,Young,1
606,0,3,36.0,1,0,15.55,True,False,True,559.8000000000001,2,7.775,36.0,15.55,1296.0,559.8000000000001,241.8025,Adult,2
607,0,3,30.0,0,0,7.8958,True,False,True,236.87400000000002,1,7.8958,30.0,7.8958,900.0,236.87400000000002,62.34365764,Young,1
608,1,1,27.0,0,0,30.5,True,False,True,823.5,1,30.5,27.0,30.5,729.0,823.5,930.25,Young,1
609,1,2,22.0,1,2,41.5792,False,False,False,914.7424,4,10.3948,22.0,41.5792,484.0,914.7424,1728.82987264,Young,1
610,1,1,40.0,0,0,153.4625,False,False,True,6138.5,1,153.4625,40.0,153.4625,1600.0,6138.5,23550.73890625,Adult,2
611,0,3,39.0,1,5,31.275,False,False,True,1219.725,7,4.4678571428571425,39.0,31.275,1521.0,1219.725,978.1256249999999,Adult,2
612,0,3,28.0,0,0,7.05,True,False,True,197.4,1,7.05,28.0,7.05,784.0,197.4,49.7025,Young,1
613,1,3,28.0,1,0,15.5,False,True,False,434.0,2,7.75,28.0,15.5,784.0,434.0,240.25,Young,1
614,0,3,28.0,0,0,7.75,True,True,False,217.0,1,7.75,28.0,7.75,784.0,217.0,60.0625,Young,1
615,0,3,35.0,0,0,8.05,True,False,True,281.75,1,8.05,35.0,8.05,1225.0,281.75,64.80250000000001,Young,1
616,1,2,24.0,1,2,65.0,False,False,True,1560.0,4,16.25,24.0,65.0,576.0,1560.0,4225.0,Young,1
617,0,3,34.0,1,1,14.4,True,False,True,489.6,3,4.8,34.0,14.4,1156.0,489.6,207.36,Young,1
618,0,3,26.0,1,0,16.1,False,False,True,418.6,2,8.05,26.0,16.1,676.0,418.6,259.21000000000004,Young,1
619,1,2,4.0,2,1,39.0,False,False,True,156.0,4,9.75,4.0,39.0,16.0,156.0,1521.0,Teen,0
620,0,2,26.0,0,0,10.5,True,False,True,273.0,1,10.5,26.0,10.5,676.0,273.0,110.25,Young,1
621,0,3,27.0,1,0,14.4542,True,False,False,390.2634,2,7.2271,27.0,14.4542,729.0,390.2634,208.92389764,Young,1
622,1,1,42.0,1,0,52.5542,True,False,True,2207.2764,2,26.2771,42.0,52.5542,1764.0,2207.2764,2761.94393764,Adult,2
623,1,3,20.0,1,1,15.7417,True,False,False,314.834,3,5.247233333333333,20.0,15.7417,400.0,314.834,247.80111889,Young,1
624,0,3,21.0,0,0,7.8542,True,False,True,164.9382,1,7.8542,21.0,7.8542,441.0,164.9382,61.688457639999996,Young,1
625,0,3,21.0,0,0,16.1,True,False,True,338.1,1,16.1,21.0,16.1,441.0,338.1,259.21000000000004,Young,1
626,0,1,61.0,0,0,32.3208,True,False,True,1971.5688,1,32.3208,61.0,32.3208,3721.0,1971.5688,1044.6341126399998,Senior,3
627,0,2,57.0,0,0,12.35,True,True,False,703.9499999999999,1,12.35,57.0,12.35,3249.0,703.9499999999999,152.52249999999998,Adult,2
628,1,1,21.0,0,0,77.9583,False,False,True,1637.1243,1,77.9583,21.0,77.9583,441.0,1637.1243,6077.496538889999,Young,1
629,0,3,26.0,0,0,7.8958,True,False,True,205.29080000000002,1,7.8958,26.0,7.8958,676.0,205.29080000000002,62.34365764,Young,1
630,0,3,28.0,0,0,7.7333,True,True,False,216.5324,1,7.7333,28.0,7.7333,784.0,216.5324,59.803928889999995,Young,1
631,1,1,80.0,0,0,30.0,True,False,True,2400.0,1,30.0,80.0,30.0,6400.0,2400.0,900.0,Senior,3
632,0,3,51.0,0,0,7.0542,True,False,True,359.7642,1,7.0542,51.0,7.0542,2601.0,359.7642,49.76173764,Adult,2
633,1,1,32.0,0,0,30.5,True,False,False,976.0,1,30.5,32.0,30.5,1024.0,976.0,930.25,Young,1
634,0,1,28.0,0,0,0.0,True,False,True,0.0,1,0.0,28.0,0.0,784.0,0.0,0.0,Young,1
635,0,3,9.0,3,2,27.9,False,False,True,251.1,6,4.6499999999999995,9.0,27.9,81.0,251.1,778.41,Teen,0
636,1,2,28.0,0,0,13.0,False,False,True,364.0,1,13.0,28.0,13.0,784.0,364.0,169.0,Young,1
637,0,3,32.0,0,0,7.925,True,False,True,253.6,1,7.925,32.0,7.925,1024.0,253.6,62.805625,Young,1
638,0,2,31.0,1,1,26.25,True,False,True,813.75,3,8.75,31.0,26.25,961.0,813.75,689.0625,Young,1
639,0,3,41.0,0,5,39.6875,False,False,True,1627.1875,6,6.614583333333333,41.0,39.6875,1681.0,1627.1875,1575.09765625,Adult,2
640,0,3,28.0,1,0,16.1,True,False,True,450.80000000000007,2,8.05,28.0,16.1,784.0,450.80000000000007,259.21000000000004,Young,1
641,0,3,20.0,0,0,7.8542,True,False,True,157.084,1,7.8542,20.0,7.8542,400.0,157.084,61.688457639999996,Young,1
642,1,1,24.0,0,0,69.3,False,False,False,1663.1999999999998,1,69.3,24.0,69.3,576.0,1663.1999999999998,4802.49,Young,1
643,0,3,2.0,3,2,27.9,False,False,True,55.8,6,4.6499999999999995,2.0,27.9,4.0,55.8,778.41,Teen,0
644,1,3,28.0,0,0,56.4958,True,False,True,1581.8824,1,56.4958,28.0,56.4958,784.0,1581.8824,3191.7754176400003,Young,1
645,1,3,0.75,2,1,19.2583,False,False,False,14.443724999999999,4,4.814575,0.75,19.2583,0.5625,14.443724999999999,370.88211888999996,Teen,0
646,1,1,48.0,1,0,76.7292,True,False,False,3683.0016000000005,2,38.3646,48.0,76.7292,2304.0,3683.0016000000005,5887.3701326400005,Adult,2
647,0,3,19.0,0,0,7.8958,True,False,True,150.02020000000002,1,7.8958,19.0,7.8958,361.0,150.02020000000002,62.34365764,Young,1
648,1,1,56.0,0,0,35.5,True,False,False,1988.0,1,35.5,56.0,35.5,3136.0,1988.0,1260.25,Adult,2
649,0,3,28.0,0,0,7.55,True,False,True,211.4,1,7.55,28.0,7.55,784.0,211.4,57.0025,Young,1
650,1,3,23.0,0,0,7.55,False,False,True,173.65,1,7.55,23.0,7.55,529.0,173.65,57.0025,Young,1
651,0,3,28.0,0,0,7.8958,True,False,True,221.0824,1,7.8958,28.0,7.8958,784.0,221.0824,62.34365764,Young,1
652,1,2,18.0,0,1,23.0,False,False,True,414.0,2,11.5,18.0,23.0,324.0,414.0,529.0,Teen,0
653,0,3,21.0,0,0,8.4333,True,False,True,177.09929999999997,1,8.4333,21.0,8.4333,441.0,177.09929999999997,71.12054888999998,Young,1
654,1,3,28.0,0,0,7.8292,False,True,False,219.2176,1,7.8292,28.0,7.8292,784.0,219.2176,61.29637264,Young,1
655,0,3,18.0,0,0,6.75,False,True,False,121.5,1,6.75,18.0,6.75,324.0,121.5,45.5625,Teen,0
656,0,2,24.0,2,0,73.5,True,False,True,1764.0,3,24.5,24.0,73.5,576.0,1764.0,5402.25,Young,1
657,0,3,28.0,0,0,7.8958,True,False,True,221.0824,1,7.8958,28.0,7.8958,784.0,221.0824,62.34365764,Young,1
658,0,3,32.0,1,1,15.5,False,True,False,496.0,3,5.166666666666667,32.0,15.5,1024.0,496.0,240.25,Young,1
659,0,2,23.0,0,0,13.0,True,False,True,299.0,1,13.0,23.0,13.0,529.0,299.0,169.0,Young,1
660,0,1,58.0,0,2,113.275,True,False,False,6569.950000000001,3,37.75833333333333,58.0,113.275,3364.0,6569.950000000001,12831.225625000001,Adult,2
661,1,1,50.0,2,0,133.65,True,False,True,6682.5,3,44.550000000000004,50.0,133.65,2500.0,6682.5,17862.322500000002,Adult,2
662,0,3,40.0,0,0,7.225,True,False,False,289.0,1,7.225,40.0,7.225,1600.0,289.0,52.200624999999995,Adult,2
663,0,1,47.0,0,0,25.5875,True,False,True,1202.6125,1,25.5875,47.0,25.5875,2209.0,1202.6125,654.72015625,Adult,2
664,0,3,36.0,0,0,7.4958,True,False,True,269.8488,1,7.4958,36.0,7.4958,1296.0,269.8488,56.18701764,Adult,2
665,1,3,20.0,1,0,7.925,True,False,True,158.5,2,3.9625,20.0,7.925,400.0,158.5,62.805625,Young,1
666,0,2,32.0,2,0,73.5,True,False,True,2352.0,3,24.5,32.0,73.5,1024.0,2352.0,5402.25,Young,1
667,0,2,25.0,0,0,13.0,True,False,True,325.0,1,13.0,25.0,13.0,625.0,325.0,169.0,Young,1
668,0,3,28.0,0,0,7.775,True,False,True,217.70000000000002,1,7.775,28.0,7.775,784.0,217.70000000000002,60.450625,Young,1
669,0,3,43.0,0,0,8.05,True,False,True,346.15000000000003,1,8.05,43.0,8.05,1849.0,346.15000000000003,64.80250000000001,Adult,2
670,1,1,28.0,1,0,52.0,False,False,True,1456.0,2,26.0,28.0,52.0,784.0,1456.0,2704.0,Young,1
671,1,2,40.0,1,1,39.0,False,False,True,1560.0,3,13.0,40.0,39.0,1600.0,1560.0,1521.0,Adult,2
672,0,1,31.0,1,0,52.0,True,False,True,1612.0,2,26.0,31.0,52.0,961.0,1612.0,2704.0,Young,1
673,0,2,70.0,0,0,10.5,True,False,True,735.0,1,10.5,70.0,10.5,4900.0,735.0,110.25,Senior,3
674,1,2,31.0,0,0,13.0,True,False,True,403.0,1,13.0,31.0,13.0,961.0,403.0,169.0,Young,1
675,0,2,28.0,0,0,0.0,True,False,True,0.0,1,0.0,28.0,0.0,784.0,0.0,0.0,Young,1
676,0,3,18.0,0,0,7.775,True,False,True,139.95000000000002,1,7.775,18.0,7.775,324.0,139.95000000000002,60.450625,Teen,0
677,0,3,24.5,0,0,8.05,True,False,True,197.22500000000002,1,8.05,24.5,8.05,600.25,197.22500000000002,64.80250000000001,Young,1
678,1,3,18.0,0,0,9.8417,False,False,True,177.1506,1,9.8417,18.0,9.8417,324.0,177.1506,96.85905888999999,Teen,0
679,0,3,43.0,1,6,46.9,False,False,True,2016.7,8,5.8625,43.0,46.9,1849.0,2016.7,2199.6099999999997,Adult,2
680,1,1,36.0,0,1,512.3292,True,False,False,18443.8512,2,256.1646,36.0,512.3292,1296.0,18443.8512,262481.20917264,Adult,2
681,0,3,28.0,0,0,8.1375,False,True,False,227.84999999999997,1,8.1375,28.0,8.1375,784.0,227.84999999999997,66.21890624999999,Young,1
682,1,1,27.0,0,0,76.7292,True,False,False,2071.6884,1,76.7292,27.0,76.7292,729.0,2071.6884,5887.3701326400005,Young,1
683,0,3,20.0,0,0,9.225,True,False,True,184.5,1,9.225,20.0,9.225,400.0,184.5,85.100625,Young,1
684,0,3,14.0,5,2,46.9,True,False,True,656.6,8,5.8625,14.0,46.9,196.0,656.6,2199.6099999999997,Teen,0
685,0,2,60.0,1,1,39.0,True,False,True,2340.0,3,13.0,60.0,39.0,3600.0,2340.0,1521.0,Adult,2
686,0,2,25.0,1,2,41.5792,True,False,False,1039.48,4,10.3948,25.0,41.5792,625.0,1039.48,1728.82987264,Young,1
687,0,3,14.0,4,1,39.6875,True,False,True,555.625,6,6.614583333333333,14.0,39.6875,196.0,555.625,1575.09765625,Teen,0
688,0,3,19.0,0,0,10.1708,True,False,True,193.2452,1,10.1708,19.0,10.1708,361.0,193.2452,103.44517264,Young,1
689,0,3,18.0,0,0,7.7958,True,False,True,140.3244,1,7.7958,18.0,7.7958,324.0,140.3244,60.77449764,Teen,0
690,1,1,15.0,0,1,211.3375,False,False,True,3170.0625,2,105.66875,15.0,211.3375,225.0,3170.0625,44663.53890625,Teen,0
691,1,1,31.0,1,0,57.0,True,False,True,1767.0,2,28.5,31.0,57.0,961.0,1767.0,3249.0,Young,1
692,1,3,4.0,0,1,13.4167,False,False,False,53.6668,2,6.70835,4.0,13.4167,16.0,53.6668,180.00783889000002,Teen,0
693,1,3,28.0,0,0,56.4958,True,False,True,1581.8824,1,56.4958,28.0,56.4958,784.0,1581.8824,3191.7754176400003,Young,1
694,0,3,25.0,0,0,7.225,True,False,False,180.625,1,7.225,25.0,7.225,625.0,180.625,52.200624999999995,Young,1
695,0,1,60.0,0,0,26.55,True,False,True,1593.0,1,26.55,60.0,26.55,3600.0,1593.0,704.9025,Adult,2
696,0,2,52.0,0,0,13.5,True,False,True,702.0,1,13.5,52.0,13.5,2704.0,702.0,182.25,Adult,2
697,0,3,44.0,0,0,8.05,True,False,True,354.20000000000005,1,8.05,44.0,8.05,1936.0,354.20000000000005,64.80250000000001,Adult,2
698,1,3,28.0,0,0,7.7333,False,True,False,216.5324,1,7.7333,28.0,7.7333,784.0,216.5324,59.803928889999995,Young,1
699,0,1,49.0,1,1,110.8833,True,False,False,5433.2817000000005,3,36.9611,49.0,110.8833,2401.0,5433.2817000000005,12295.106218890001,Adult,2
700,0,3,42.0,0,0,7.65,True,False,True,321.3,1,7.65,42.0,7.65,1764.0,321.3,58.52250000000001,Adult,2
701,1,1,18.0,1,0,227.525,False,False,False,4095.4500000000003,2,113.7625,18.0,227.525,324.0,4095.4500000000003,51767.625625,Teen,0
702,1,1,35.0,0,0,26.2875,True,False,True,920.0625,1,26.2875,35.0,26.2875,1225.0,920.0625,691.0326562500001,Young,1
703,0,3,18.0,0,1,14.4542,False,False,False,260.17560000000003,2,7.2271,18.0,14.4542,324.0,260.17560000000003,208.92389764,Teen,0
704,0,3,25.0,0,0,7.7417,True,True,False,193.5425,1,7.7417,25.0,7.7417,625.0,193.5425,59.933918889999994,Young,1
705,0,3,26.0,1,0,7.8542,True,False,True,204.20919999999998,2,3.9271,26.0,7.8542,676.0,204.20919999999998,61.688457639999996,Young,1
706,0,2,39.0,0,0,26.0,True,False,True,1014.0,1,26.0,39.0,26.0,1521.0,1014.0,676.0,Adult,2
707,1,2,45.0,0,0,13.5,False,False,True,607.5,1,13.5,45.0,13.5,2025.0,607.5,182.25,Adult,2
708,1,1,42.0,0,0,26.2875,True,False,True,1104.075,1,26.2875,42.0,26.2875,1764.0,1104.075,691.0326562500001,Adult,2
709,1,1,22.0,0,0,151.55,False,False,True,3334.1000000000004,1,151.55,22.0,151.55,484.0,3334.1000000000004,22967.402500000004,Young,1
710,1,3,28.0,1,1,15.2458,True,False,False,426.88239999999996,3,5.081933333333333,28.0,15.2458,784.0,426.88239999999996,232.43441763999996,Young,1
711,1,1,24.0,0,0,49.5042,False,False,False,1188.1008,1,49.5042,24.0,49.5042,576.0,1188.1008,2450.6658176399997,Young,1
712,0,1,28.0,0,0,26.55,True,False,True,743.4,1,26.55,28.0,26.55,784.0,743.4,704.9025,Young,1
713,1,1,48.0,1,0,52.0,True,False,True,2496.0,2,26.0,48.0,52.0,2304.0,2496.0,2704.0,Adult,2
714,0,3,29.0,0,0,9.4833,True,False,True,275.0157,1,9.4833,29.0,9.4833,841.0,275.0157,89.93297889,Young,1
715,0,2,52.0,0,0,13.0,True,False,True,676.0,1,13.0,52.0,13.0,2704.0,676.0,169.0,Adult,2
716,0,3,19.0,0,0,7.65,True,False,True,145.35,1,7.65,19.0,7.65,361.0,145.35,58.52250000000001,Young,1
717,1,1,38.0,0,0,227.525,False,False,False,8645.95,1,227.525,38.0,227.525,1444.0,8645.95,51767.625625,Adult,2
718,1,2,27.0,0,0,10.5,False,False,True,283.5,1,10.5,27.0,10.5,729.0,283.5,110.25,Young,1
719,0,3,28.0,0,0,15.5,True,True,False,434.0,1,15.5,28.0,15.5,784.0,434.0,240.25,Young,1
720,0,3,33.0,0,0,7.775,True,False,True,256.575,1,7.775,33.0,7.775,1089.0,256.575,60.450625,Young,1
721,1,2,6.0,0,1,33.0,False,False,True,198.0,2,16.5,6.0,33.0,36.0,198.0,1089.0,Teen,0
722,0,3,17.0,1,0,7.0542,True,False,True,119.92139999999999,2,3.5271,17.0,7.0542,289.0,119.92139999999999,49.76173764,Teen,0
723,0,2,34.0,0,0,13.0,True,False,True,442.0,1,13.0,34.0,13.0,1156.0,442.0,169.0,Young,1
724,0,2,50.0,0,0,13.0,True,False,True,650.0,1,13.0,50.0,13.0,2500.0,650.0,169.0,Adult,2
725,1,1,27.0,1,0,53.1,True,False,True,1433.7,2,26.55,27.0,53.1,729.0,1433.7,2819.61,Young,1
726,0,3,20.0,0,0,8.6625,True,False,True,173.25,1,8.6625,20.0,8.6625,400.0,173.25,75.03890625,Young,1
727,1,2,30.0,3,0,21.0,False,False,True,630.0,4,5.25,30.0,21.0,900.0,630.0,441.0,Young,1
728,1,3,28.0,0,0,7.7375,False,True,False,216.65,1,7.7375,28.0,7.7375,784.0,216.65,59.868906249999995,Young,1
729,0,2,25.0,1,0,26.0,True,False,True,650.0,2,13.0,25.0,26.0,625.0,650.0,676.0,Young,1
730,0,3,25.0,1,0,7.925,False,False,True,198.125,2,3.9625,25.0,7.925,625.0,198.125,62.805625,Young,1
731,1,1,29.0,0,0,211.3375,False,False,True,6128.7875,1,211.3375,29.0,211.3375,841.0,6128.7875,44663.53890625,Young,1
732,0,3,11.0,0,0,18.7875,True,False,False,206.66250000000002,1,18.7875,11.0,18.7875,121.0,206.66250000000002,352.97015625000006,Teen,0
733,0,2,28.0,0,0,0.0,True,False,True,0.0,1,0.0,28.0,0.0,784.0,0.0,0.0,Young,1
734,0,2,23.0,0,0,13.0,True,False,True,299.0,1,13.0,23.0,13.0,529.0,299.0,169.0,Young,1
735,0,2,23.0,0,0,13.0,True,False,True,299.0,1,13.0,23.0,13.0,529.0,299.0,169.0,Young,1
736,0,3,28.5,0,0,16.1,True,False,True,458.85,1,16.1,28.5,16.1,812.25,458.85,259.21000000000004,Young,1
737,0,3,48.0,1,3,34.375,False,False,True,1650.0,5,6.875,48.0,34.375,2304.0,1650.0,1181.640625,Adult,2
738,1,1,35.0,0,0,512.3292,True,False,False,17931.522,1,512.3292,35.0,512.3292,1225.0,17931.522,262481.20917264,Young,1
739,0,3,28.0,0,0,7.8958,True,False,True,221.0824,1,7.8958,28.0,7.8958,784.0,221.0824,62.34365764,Young,1
740,0,3,28.0,0,0,7.8958,True,False,True,221.0824,1,7.8958,28.0,7.8958,784.0,221.0824,62.34365764,Young,1
741,1,1,28.0,0,0,30.0,True,False,True,840.0,1,30.0,28.0,30.0,784.0,840.0,900.0,Young,1
742,0,1,36.0,1,0,78.85,True,False,True,2838.6,2,39.425,36.0,78.85,1296.0,2838.6,6217.322499999999,Adult,2
743,1,1,21.0,2,2,262.375,False,False,False,5509.875,5,52.475,21.0,262.375,441.0,5509.875,68840.640625,Young,1
744,0,3,24.0,1,0,16.1,True,False,True,386.40000000000003,2,8.05,24.0,16.1,576.0,386.40000000000003,259.21000000000004,Young,1
745,1,3,31.0,0,0,7.925,True,False,True,245.67499999999998,1,7.925,31.0,7.925,961.0,245.67499999999998,62.805625,Young,1
746,0,1,70.0,1,1,71.0,True,False,True,4970.0,3,23.666666666666668,70.0,71.0,4900.0,4970.0,5041.0,Senior,3
747,0,3,16.0,1,1,20.25,True,False,True,324.0,3,6.75,16.0,20.25,256.0,324.0,410.0625,Teen,0
748,1,2,30.0,0,0,13.0,False,False,True,390.0,1,13.0,30.0,13.0,900.0,390.0,169.0,Young,1
749,0,1,19.0,1,0,53.1,True,False,True,1008.9,2,26.55,19.0,53.1,361.0,1008.9,2819.61,Young,1
750,0,3,31.0,0,0,7.75,True,True,False,240.25,1,7.75,31.0,7.75,961.0,240.25,60.0625,Young,1
751,1,2,4.0,1,1,23.0,False,False,True,92.0,3,7.666666666666667,4.0,23.0,16.0,92.0,529.0,Teen,0
752,1,3,6.0,0,1,12.475,True,False,True,74.85,2,6.2375,6.0,12.475,36.0,74.85,155.62562499999999,Teen,0
753,0,3,33.0,0,0,9.5,True,False,True,313.5,1,9.5,33.0,9.5,1089.0,313.5,90.25,Young,1
754,0,3,23.0,0,0,7.8958,True,False,True,181.60340000000002,1,7.8958,23.0,7.8958,529.0,181.60340000000002,62.34365764,Young,1
755,1,2,48.0,1,2,65.0,False,False,True,3120.0,4,16.25,48.0,65.0,2304.0,3120.0,4225.0,Adult,2
756,1,2,0.67,1,1,14.5,True,False,True,9.715,3,4.833333333333333,0.67,14.5,0.4489000000000001,9.715,210.25,Teen,0
757,0,3,28.0,0,0,7.7958,True,False,True,218.2824,1,7.7958,28.0,7.7958,784.0,218.2824,60.77449764,Young,1
758,0,2,18.0,0,0,11.5,True,False,True,207.0,1,11.5,18.0,11.5,324.0,207.0,132.25,Teen,0
759,0,3,34.0,0,0,8.05,True,False,True,273.70000000000005,1,8.05,34.0,8.05,1156.0,273.70000000000005,64.80250000000001,Young,1
760,1,1,33.0,0,0,86.5,False,False,True,2854.5,1,86.5,33.0,86.5,1089.0,2854.5,7482.25,Young,1
761,0,3,28.0,0,0,14.5,True,False,True,406.0,1,14.5,28.0,14.5,784.0,406.0,210.25,Young,1
762,0,3,41.0,0,0,7.125,True,False,True,292.125,1,7.125,41.0,7.125,1681.0,292.125,50.765625,Adult,2
763,1,3,20.0,0,0,7.2292,True,False,False,144.584,1,7.2292,20.0,7.2292,400.0,144.584,52.26133263999999,Young,1
764,1,1,36.0,1,2,120.0,False,False,True,4320.0,4,30.0,36.0,120.0,1296.0,4320.0,14400.0,Adult,2
765,0,3,16.0,0,0,7.775,True,False,True,124.4,1,7.775,16.0,7.775,256.0,124.4,60.450625,Teen,0
766,1,1,51.0,1,0,77.9583,False,False,True,3975.8732999999997,2,38.97915,51.0,77.9583,2601.0,3975.8732999999997,6077.496538889999,Adult,2
767,0,1,28.0,0,0,39.6,True,False,False,1108.8,1,39.6,28.0,39.6,784.0,1108.8,1568.16,Young,1
768,0,3,30.5,0,0,7.75,False,True,False,236.375,1,7.75,30.5,7.75,930.25,236.375,60.0625,Young,1
769,0,3,28.0,1,0,24.15,True,True,False,676.1999999999999,2,12.075,28.0,24.15,784.0,676.1999999999999,583.2225,Young,1
770,0,3,32.0,0,0,8.3625,True,False,True,267.6,1,8.3625,32.0,8.3625,1024.0,267.6,69.93140625000001,Young,1
771,0,3,24.0,0,0,9.5,True,False,True,228.0,1,9.5,24.0,9.5,576.0,228.0,90.25,Young,1
772,0,3,48.0,0,0,7.8542,True,False,True,377.0016,1,7.8542,48.0,7.8542,2304.0,377.0016,61.688457639999996,Adult,2
773,0,2,57.0,0,0,10.5,False,False,True,598.5,1,10.5,57.0,10.5,3249.0,598.5,110.25,Adult,2
774,0,3,28.0,0,0,7.225,True,False,False,202.29999999999998,1,7.225,28.0,7.225,784.0,202.29999999999998,52.200624999999995,Young,1
775,1,2,54.0,1,3,23.0,False,False,True,1242.0,5,4.6,54.0,23.0,2916.0,1242.0,529.0,Adult,2
776,0,3,18.0,0,0,7.75,True,False,True,139.5,1,7.75,18.0,7.75,324.0,139.5,60.0625,Teen,0
777,0,3,28.0,0,0,7.75,True,True,False,217.0,1,7.75,28.0,7.75,784.0,217.0,60.0625,Young,1
778,1,3,5.0,0,0,12.475,False,False,True,62.375,1,12.475,5.0,12.475,25.0,62.375,155.62562499999999,Teen,0
779,0,3,28.0,0,0,7.7375,True,True,False,216.65,1,7.7375,28.0,7.7375,784.0,216.65,59.868906249999995,Young,1
780,1,1,43.0,0,1,211.3375,False,False,True,9087.5125,2,105.66875,43.0,211.3375,1849.0,9087.5125,44663.53890625,Adult,2
781,1,3,13.0,0,0,7.2292,False,False,False,93.97959999999999,1,7.2292,13.0,7.2292,169.0,93.97959999999999,52.26133263999999,Teen,0
782,1,1,17.0,1,0,57.0,False,False,True,969.0,2,28.5,17.0,57.0,289.0,969.0,3249.0,Teen,0
783,0,1,29.0,0,0,30.0,True,False,True,870.0,1,30.0,29.0,30.0,841.0,870.0,900.0,Young,1
784,0,3,28.0,1,2,23.45,True,False,True,656.6,4,5.8625,28.0,23.45,784.0,656.6,549.9024999999999,Young,1
785,0,3,25.0,0,0,7.05,True,False,True,176.25,1,7.05,25.0,7.05,625.0,176.25,49.7025,Young,1
786,0,3,25.0,0,0,7.25,True,False,True,181.25,1,7.25,25.0,7.25,625.0,181.25,52.5625,Young,1
787,1,3,18.0,0,0,7.4958,False,False,True,134.9244,1,7.4958,18.0,7.4958,324.0,134.9244,56.18701764,Teen,0
788,0,3,8.0,4,1,29.125,True,True,False,233.0,6,4.854166666666667,8.0,29.125,64.0,233.0,848.265625,Teen,0
789,1,3,1.0,1,2,20.575,True,False,True,20.575,4,5.14375,1.0,20.575,1.0,20.575,423.330625,Teen,0
790,0,1,46.0,0,0,79.2,True,False,False,3643.2000000000003,1,79.2,46.0,79.2,2116.0,3643.2000000000003,6272.64,Adult,2
791,0,3,28.0,0,0,7.75,True,True,False,217.0,1,7.75,28.0,7.75,784.0,217.0,60.0625,Young,1
792,0,2,16.0,0,0,26.0,True,False,True,416.0,1,26.0,16.0,26.0,256.0,416.0,676.0,Teen,0
793,0,3,28.0,8,2,69.55,False,False,True,1947.3999999999999,11,6.322727272727272,28.0,69.55,784.0,1947.3999999999999,4837.202499999999,Young,1
794,0,1,28.0,0,0,30.6958,True,False,False,859.4824,1,30.6958,28.0,30.6958,784.0,859.4824,942.2321376399999,Young,1
795,0,3,25.0,0,0,7.8958,True,False,True,197.395,1,7.8958,25.0,7.8958,625.0,197.395,62.34365764,Young,1
796,0,2,39.0,0,0,13.0,True,False,True,507.0,1,13.0,39.0,13.0,1521.0,507.0,169.0,Adult,2
797,1,1,49.0,0,0,25.9292,False,False,True,1270.5308,1,25.9292,49.0,25.9292,2401.0,1270.5308,672.3234126400001,Adult,2
798,1,3,31.0,0,0,8.6833,False,False,True,269.1823,1,8.6833,31.0,8.6833,961.0,269.1823,75.39969888999998,Young,1
799,0,3,30.0,0,0,7.2292,True,False,False,216.87599999999998,1,7.2292,30.0,7.2292,900.0,216.87599999999998,52.26133263999999,Young,1
800,0,3,30.0,1,1,24.15,False,False,True,724.5,3,8.049999999999999,30.0,24.15,900.0,724.5,583.2225,Young,1
801,0,2,34.0,0,0,13.0,True,False,True,442.0,1,13.0,34.0,13.0,1156.0,442.0,169.0,Young,1
802,1,2,31.0,1,1,26.25,False,False,True,813.75,3,8.75,31.0,26.25,961.0,813.75,689.0625,Young,1
803,1,1,11.0,1,2,120.0,True,False,True,1320.0,4,30.0,11.0,120.0,121.0,1320.0,14400.0,Teen,0
804,1,3,0.42,0,1,8.5167,True,False,False,3.577014,2,4.25835,0.42,8.5167,0.17639999999999997,3.577014,72.53417889,Teen,0
805,1,3,27.0,0,0,6.975,True,False,True,188.325,1,6.975,27.0,6.975,729.0,188.325,48.650625,Young,1
806,0,3,31.0,0,0,7.775,True,False,True,241.025,1,7.775,31.0,7.775,961.0,241.025,60.450625,Young,1
807,0,1,39.0,0,0,0.0,True,False,True,0.0,1,0.0,39.0,0.0,1521.0,0.0,0.0,Adult,2
808,0,3,18.0,0,0,7.775,False,False,True,139.95000000000002,1,7.775,18.0,7.775,324.0,139.95000000000002,60.450625,Teen,0
809,0,2,39.0,0,0,13.0,True,False,True,507.0,1,13.0,39.0,13.0,1521.0,507.0,169.0,Adult,2
810,1,1,33.0,1,0,53.1,False,False,True,1752.3,2,26.55,33.0,53.1,1089.0,1752.3,2819.61,Young,1
811,0,3,26.0,0,0,7.8875,True,False,True,205.07500000000002,1,7.8875,26.0,7.8875,676.0,205.07500000000002,62.21265625,Young,1
812,0,3,39.0,0,0,24.15,True,False,True,941.8499999999999,1,24.15,39.0,24.15,1521.0,941.8499999999999,583.2225,Adult,2
813,0,2,35.0,0,0,10.5,True,False,True,367.5,1,10.5,35.0,10.5,1225.0,367.5,110.25,Young,1
814,0,3,6.0,4,2,31.275,False,False,True,187.64999999999998,7,4.4678571428571425,6.0,31.275,36.0,187.64999999999998,978.1256249999999,Teen,0
815,0,3,30.5,0,0,8.05,True,False,True,245.52500000000003,1,8.05,30.5,8.05,930.25,245.52500000000003,64.80250000000001,Young,1
816,0,1,28.0,0,0,0.0,True,False,True,0.0,1,0.0,28.0,0.0,784.0,0.0,0.0,Young,1
817,0,3,23.0,0,0,7.925,False,False,True,182.275,1,7.925,23.0,7.925,529.0,182.275,62.805625,Young,1
818,0,2,31.0,1,1,37.0042,True,False,False,1147.1301999999998,3,12.334733333333332,31.0,37.0042,961.0,1147.1301999999998,1369.3108176399999,Young,1
819,0,3,43.0,0,0,6.45,True,False,True,277.35,1,6.45,43.0,6.45,1849.0,277.35,41.6025,Adult,2
820,0,3,10.0,3,2,27.9,True,False,True,279.0,6,4.6499999999999995,10.0,27.9,100.0,279.0,778.41,Teen,0
821,1,1,52.0,1,1,93.5,False,False,True,4862.0,3,31.166666666666668,52.0,93.5,2704.0,4862.0,8742.25,Adult,2
822,1,3,27.0,0,0,8.6625,True,False,True,233.8875,1,8.6625,27.0,8.6625,729.0,233.8875,75.03890625,Young,1
823,0,1,38.0,0,0,0.0,True,False,True,0.0,1,0.0,38.0,0.0,1444.0,0.0,0.0,Adult,2
824,1,3,27.0,0,1,12.475,False,False,True,336.825,2,6.2375,27.0,12.475,729.0,336.825,155.62562499999999,Young,1
825,0,3,2.0,4,1,39.6875,True,False,True,79.375,6,6.614583333333333,2.0,39.6875,4.0,79.375,1575.09765625,Teen,0
826,0,3,28.0,0,0,6.95,True,True,False,194.6,1,6.95,28.0,6.95,784.0,194.6,48.3025,Young,1
827,0,3,28.0,0,0,56.4958,True,False,True,1581.8824,1,56.4958,28.0,56.4958,784.0,1581.8824,3191.7754176400003,Young,1
828,1,2,1.0,0,2,37.0042,True,False,False,37.0042,3,12.334733333333332,1.0,37.0042,1.0,37.0042,1369.3108176399999,Teen,0
829,1,3,28.0,0,0,7.75,True,True,False,217.0,1,7.75,28.0,7.75,784.0,217.0,60.0625,Young,1
830,1,1,62.0,0,0,80.0,False,False,True,4960.0,1,80.0,62.0,80.0,3844.0,4960.0,6400.0,Senior,3
831,1,3,15.0,1,0,14.4542,False,False,False,216.813,2,7.2271,15.0,14.4542,225.0,216.813,208.92389764,Teen,0
832,1,2,0.83,1,1,18.75,True,False,True,15.5625,3,6.25,0.83,18.75,0.6889,15.5625,351.5625,Teen,0
833,0,3,28.0,0,0,7.2292,True,False,False,202.4176,1,7.2292,28.0,7.2292,784.0,202.4176,52.26133263999999,Young,1
834,0,3,23.0,0,0,7.8542,True,False,True,180.64659999999998,1,7.8542,23.0,7.8542,529.0,180.64659999999998,61.688457639999996,Young,1
835,0,3,18.0,0,0,8.3,True,False,True,149.4,1,8.3,18.0,8.3,324.0,149.4,68.89000000000001,Teen,0
836,1,1,39.0,1,1,83.1583,False,False,False,3243.1737,3,27.71943333333333,39.0,83.1583,1521.0,3243.1737,6915.30285889,Adult,2
837,0,3,21.0,0,0,8.6625,True,False,True,181.9125,1,8.6625,21.0,8.6625,441.0,181.9125,75.03890625,Young,1
838,0,3,28.0,0,0,8.05,True,False,True,225.40000000000003,1,8.05,28.0,8.05,784.0,225.40000000000003,64.80250000000001,Young,1
839,1,3,32.0,0,0,56.4958,True,False,True,1807.8656,1,56.4958,32.0,56.4958,1024.0,1807.8656,3191.7754176400003,Young,1
840,1,1,28.0,0,0,29.7,True,False,False,831.6,1,29.7,28.0,29.7,784.0,831.6,882.0899999999999,Young,1
841,0,3,20.0,0,0,7.925,True,False,True,158.5,1,7.925,20.0,7.925,400.0,158.5,62.805625,Young,1
842,0,2,16.0,0,0,10.5,True,False,True,168.0,1,10.5,16.0,10.5,256.0,168.0,110.25,Teen,0
843,1,1,30.0,0,0,31.0,False,False,False,930.0,1,31.0,30.0,31.0,900.0,930.0,961.0,Young,1
844,0,3,34.5,0,0,6.4375,True,False,False,222.09375,1,6.4375,34.5,6.4375,1190.25,222.09375,41.44140625,Young,1
845,0,3,17.0,0,0,8.6625,True,False,True,147.2625,1,8.6625,17.0,8.6625,289.0,147.2625,75.03890625,Teen,0
846,0,3,42.0,0,0,7.55,True,False,True,317.09999999999997,1,7.55,42.0,7.55,1764.0,317.09999999999997,57.0025,Adult,2
847,0,3,28.0,8,2,69.55,True,False,True,1947.3999999999999,11,6.322727272727272,28.0,69.55,784.0,1947.3999999999999,4837.202499999999,Young,1
848,0,3,35.0,0,0,7.8958,True,False,False,276.353,1,7.8958,35.0,7.8958,1225.0,276.353,62.34365764,Young,1
849,0,2,28.0,0,1,33.0,True,False,True,924.0,2,16.5,28.0,33.0,784.0,924.0,1089.0,Young,1
850,1,1,28.0,1,0,89.1042,False,False,False,2494.9176,2,44.5521,28.0,89.1042,784.0,2494.9176,7939.558457640001,Young,1
851,0,3,4.0,4,2,31.275,True,False,True,125.1,7,4.4678571428571425,4.0,31.275,16.0,125.1,978.1256249999999,Teen,0
852,0,3,74.0,0,0,7.775,True,False,True,575.35,1,7.775,74.0,7.775,5476.0,575.35,60.450625,Senior,3
853,0,3,9.0,1,1,15.2458,False,False,False,137.2122,3,5.081933333333333,9.0,15.2458,81.0,137.2122,232.43441763999996,Teen,0
854,1,1,16.0,0,1,39.4,False,False,True,630.4,2,19.7,16.0,39.4,256.0,630.4,1552.36,Teen,0
855,0,2,44.0,1,0,26.0,False,False,True,1144.0,2,13.0,44.0,26.0,1936.0,1144.0,676.0,Adult,2
856,1,3,18.0,0,1,9.35,False,False,True,168.29999999999998,2,4.675,18.0,9.35,324.0,168.29999999999998,87.4225,Teen,0
857,1,1,45.0,1,1,164.8667,False,False,True,7419.0015,3,54.95556666666667,45.0,164.8667,2025.0,7419.0015,27181.028768890003,Adult,2
858,1,1,51.0,0,0,26.55,True,False,True,1354.05,1,26.55,51.0,26.55,2601.0,1354.05,704.9025,Adult,2
859,1,3,24.0,0,3,19.2583,False,False,False,462.19919999999996,4,4.814575,24.0,19.2583,576.0,462.19919999999996,370.88211888999996,Young,1
860,0,3,28.0,0,0,7.2292,True,False,False,202.4176,1,7.2292,28.0,7.2292,784.0,202.4176,52.26133263999999,Young,1
861,0,3,41.0,2,0,14.1083,True,False,True,578.4403,3,4.702766666666666,41.0,14.1083,1681.0,578.4403,199.04412889,Adult,2
862,0,2,21.0,1,0,11.5,True,False,True,241.5,2,5.75,21.0,11.5,441.0,241.5,132.25,Young,1
863,1,1,48.0,0,0,25.9292,False,False,True,1244.6016,1,25.9292,48.0,25.9292,2304.0,1244.6016,672.3234126400001,Adult,2
864,0,3,28.0,8,2,69.55,False,False,True,1947.3999999999999,11,6.322727272727272,28.0,69.55,784.0,1947.3999999999999,4837.202499999999,Young,1
865,0,2,24.0,0,0,13.0,True,False,True,312.0,1,13.0,24.0,13.0,576.0,312.0,169.0,Young,1
866,1,2,42.0,0,0,13.0,False,False,True,546.0,1,13.0,42.0,13.0,1764.0,546.0,169.0,Adult,2
867,1,2,27.0,1,0,13.8583,False,False,False,374.1741,2,6.92915,27.0,13.8583,729.0,374.1741,192.05247889,Young,1
868,0,1,31.0,0,0,50.4958,True,False,True,1565.3698000000002,1,50.4958,31.0,50.4958,961.0,1565.3698000000002,2549.8258176400004,Young,1
869,0,3,28.0,0,0,9.5,True,False,True,266.0,1,9.5,28.0,9.5,784.0,266.0,90.25,Young,1
870,1,3,4.0,1,1,11.1333,True,False,True,44.5332,3,3.7111,4.0,11.1333,16.0,44.5332,123.95036889000001,Teen,0
871,0,3,26.0,0,0,7.8958,True,False,True,205.29080000000002,1,7.8958,26.0,7.8958,676.0,205.29080000000002,62.34365764,Young,1
872,1,1,47.0,1,1,52.5542,False,False,True,2470.0474,3,17.518066666666666,47.0,52.5542,2209.0,2470.0474,2761.94393764,Adult,2
873,0,1,33.0,0,0,5.0,True,False,True,165.0,1,5.0,33.0,5.0,1089.0,165.0,25.0,Young,1
874,0,3,47.0,0,0,9.0,True,False,True,423.0,1,9.0,47.0,9.0,2209.0,423.0,81.0,Adult,2
875,1,2,28.0,1,0,24.0,False,False,False,672.0,2,12.0,28.0,24.0,784.0,672.0,576.0,Young,1
876,1,3,15.0,0,0,7.225,False,False,False,108.375,1,7.225,15.0,7.225,225.0,108.375,52.200624999999995,Teen,0
877,0,3,20.0,0,0,9.8458,True,False,True,196.916,1,9.8458,20.0,9.8458,400.0,196.916,96.93977764000002,Young,1
878,0,3,19.0,0,0,7.8958,True,False,True,150.02020000000002,1,7.8958,19.0,7.8958,361.0,150.02020000000002,62.34365764,Young,1
879,0,3,28.0,0,0,7.8958,True,False,True,221.0824,1,7.8958,28.0,7.8958,784.0,221.0824,62.34365764,Young,1
880,1,1,56.0,0,1,83.1583,False,False,False,4656.864799999999,2,41.57915,56.0,83.1583,3136.0,4656.864799999999,6915.30285889,Adult,2
881,1,2,25.0,0,1,26.0,False,False,True,650.0,2,13.0,25.0,26.0,625.0,650.0,676.0,Young,1
882,0,3,33.0,0,0,7.8958,True,False,True,260.5614,1,7.8958,33.0,7.8958,1089.0,260.5614,62.34365764,Young,1
883,0,3,22.0,0,0,10.5167,False,False,True,231.3674,1,10.5167,22.0,10.5167,484.0,231.3674,110.60097889000001,Young,1
884,0,2,28.0,0,0,10.5,True,False,True,294.0,1,10.5,28.0,10.5,784.0,294.0,110.25,Young,1
885,0,3,25.0,0,0,7.05,True,False,True,176.25,1,7.05,25.0,7.05,625.0,176.25,49.7025,Young,1
886,0,3,39.0,0,5,29.125,False,True,False,1135.875,6,4.854166666666667,39.0,29.125,1521.0,1135.875,848.265625,Adult,2
887,0,2,27.0,0,0,13.0,True,False,True,351.0,1,13.0,27.0,13.0,729.0,351.0,169.0,Young,1
888,1,1,19.0,0,0,30.0,False,False,True,570.0,1,30.0,19.0,30.0,361.0,570.0,900.0,Young,1
889,0,3,28.0,1,2,23.45,False,False,True,656.6,4,5.8625,28.0,23.45,784.0,656.6,549.9024999999999,Young,1
890,1,1,26.0,0,0,30.0,True,False,False,780.0,1,30.0,26.0,30.0,676.0,780.0,900.0,Young,1
891,0,3,32.0,0,0,7.75,True,True,False,248.0,1,7.75,32.0,7.75,1024.0,248.0,60.0625,Young,1
